,link_photo,name,brand,price,type
1,https://www.bieres.com/2412-home_default/clem-s-summer-wheat.jpg,Clem's summer wheat,Deck & Donohue,,
2,https://www.bieres.com/1950-home_default/non-essentiel.jpg,Non-Essentiel,Effet Papillon,,
3,https://www.bieres.com/1983-home_default/ipa.jpg,IPA,Galibot,,
4,https://www.bieres.com/1974-home_default/sabro-laser.jpg,Sabro Laser,Pleine Lune,,
5,https://www.bieres.com/2011-home_default/andreas.jpg,Andreas,Frontaal,,
6,https://www.bieres.com/2014-home_default/bulldog.jpg,Bulldog,Frontaal,,
7,https://www.bieres.com/2023-home_default/freehand.jpg,Freehand,Frontaal,,
8,https://www.bieres.com/2026-home_default/buddy.jpg,Buddy,Frontaal,,
9,https://www.bieres.com/2043-home_default/carte-blanche-33cl-the-piggy-brewing-company.jpg,Carte blanche,,,
10,https://www.bieres.com/2167-home_default/raspberry.jpg,Raspberry,Collective Arts Brewing,,
11,https://www.bieres.com/2133-home_default/suria.jpg,Suria,La Pirata Brewing,,
12,https://www.bieres.com/2182-home_default/american-ipa.jpg,American IPA,Azimut,,
13,https://www.bieres.com/2088-home_default/saison-bio.jpg,Mongy Saison Bio,Cambier,,
14,https://www.bieres.com/2061-home_default/ginger-beer.jpg,Ginger Beer,Brasserie Gingeur,,
15,https://www.bieres.com/1864-home_default/oats-on-oats-on-oats.jpg,Oats on Oats on Oats,Siren Craft Brew,,
16,https://www.bieres.com/2176-home_default/stains.jpg,Stains Mosaic Galaxy Pale Ale,Omnipollo,,
17,https://www.bieres.com/2173-home_default/spirals-galaxy-citra.jpg,Spirals Galaxy Citra,Omnipollo,,
18,https://www.bieres.com/2058-home_default/nuit-de-goguette.jpg,Nuit de Goguette,Garrigues,,
19,https://www.bieres.com/2067-home_default/ribouldingue.jpg,Ribouldingue,Garrigues,,
20,https://www.bieres.com/2073-home_default/pas-piquee-des-vers-framboise.jpg,Pas Piquée des vers Framboise,Garrigues,,
21,https://www.bieres.com/2082-home_default/ibex.jpg,Ibex,ZooBrew,,
22,https://www.bieres.com/2152-home_default/stout-toujours.jpg,Stout Toujours,O'clock Brewing,,
23,https://www.bieres.com/2094-home_default/jet-lag.jpg,Jet Lag,O'clock Brewing,,
24,https://www.bieres.com/1879-home_default/world-beyond-my-window.jpg,The World Beyond My Window,Siren Craft Brew,,
25,https://www.bieres.com/2137-home_default/time-out.jpg,Time Out,O'clock Brewing,,
26,https://www.bieres.com/2127-home_default/mongy-ambree.jpg,Mongy Ambrée,Cambier,,
27,https://www.bieres.com/2103-home_default/nector.jpg,Nector,Iron Brewery,,
28,https://www.bieres.com/1906-home_default/fil-.jpg,Fil,Flügge,,
29,https://www.bieres.com/2149-home_default/rye-smoked-porter.jpg,Rye Smoked Porter,Le Détour,,
30,https://www.bieres.com/2121-home_default/sur-le-pouce.jpg,Sur le Pouce,O'clock Brewing,,
31,https://www.bieres.com/2199-home_default/patt.jpg,Patt,Pühaste,,
32,https://www.bieres.com/2208-home_default/vulin.jpg,Vulin,Pühaste,,
33,https://www.bieres.com/2190-home_default/aussie-tour-pils.jpg,Aussie Tour Pils,Brasserie du Grand Paris,,
34,https://www.bieres.com/2260-home_default/fuckin-regalade.jpg,Fuckin Regalade,Brasserie de Sulauze,,
35,https://www.bieres.com/2254-home_default/dark-sister.jpg,Dark Sister,Brussels Beer Project,,
36,https://www.bieres.com/2257-home_default/saison.jpg,Saison,Brasserie de Sulauze,,
37,https://www.bieres.com/2281-home_default/briarde-stout.jpg,Briarde Stout,Brasserie Rabourdin,,
38,https://www.bieres.com/2275-home_default/briarde-session.jpg,Briarde Session,Brasserie Rabourdin,,
39,https://www.bieres.com/2316-home_default/gens-de-la-lune.jpg,Gens de la lune,Pleine Lune,,
40,https://www.bieres.com/2345-home_default/ipa-citra-galactique-pamplemousse.jpg,IPA Citra Galactique Pamplemousse,Brasserie du Grand Paris,,
41,https://www.bieres.com/2325-home_default/the-wedge.jpg,The Wedge,Siren Craft Brew,,
42,https://www.bieres.com/2109-home_default/chill-out.jpg,Chill'Out,O'clock Brewing,,
43,https://www.bieres.com/2333-home_default/abribus.jpg,Abribus,Bendorf,,
44,https://www.bieres.com/2336-home_default/parle-a-mon-zebre.jpg,Parle à mon zèbre,ZooBrew,,
45,https://www.bieres.com/1912-home_default/elsa.jpg,Elsa,Flügge,,
46,https://www.bieres.com/2356-home_default/session-neipa.jpg,Session NEIPA,Paname Brewing Company,,
47,https://www.bieres.com/1855-home_default/lutz.jpg,Lutz,Flügge,,
48,https://www.bieres.com/2365-home_default/sour-gose.jpg,Sour Gose,Paname Brewing Company,,
49,https://www.bieres.com/1891-home_default/uw.jpg,U W,Dry & Bitter,,
50,https://www.bieres.com/2359-home_default/imperial-fruit-ipa.jpg,Impérial Fruit IPA,Paname Brewing Company,,
51,https://www.bieres.com/2371-home_default/biere-de-ble.jpg,Bière de blé,La Brasserie Fondamentale,,
52,https://www.bieres.com/2386-home_default/pale-ale.jpg,Pale Ale,La Brasserie Fondamentale,,
53,https://www.bieres.com/2377-home_default/dubbel.jpg,Dubbel,La Brasserie Fondamentale,,
54,https://www.bieres.com/2389-home_default/ipa.jpg,IPA,La Brasserie Fondamentale,,
55,https://www.bieres.com/2401-home_default/berliner-weisse-framboise.jpg,Berliner Weisse Framboise,Popihn,,
56,https://www.bieres.com/2410-home_default/rock-paper.jpg,Rock Paper Season,La P'tite Maiz,,
57,https://www.bieres.com/2395-home_default/badagaio.jpg,Badagaio,Brussels Beer Project,,
58,https://www.bieres.com/1628-home_default/mission.jpg,Mission,Deck & Donohue,,
59,https://www.bieres.com/1640-home_default/trouble.jpg,Trouble,Deck & Donohue,,
60,https://www.bieres.com/1658-home_default/d-pilsner.jpg,D Pilsner,Deck & Donohue,,
61,https://www.bieres.com/1649-home_default/monk.jpg,Monk,Deck & Donohue,,
62,https://www.bieres.com/1873-home_default/be-even-more-pacific.jpg,Be Even More Pacific,Siren Craft Brew,,
63,https://www.bieres.com/1652-home_default/indigo.jpg,Indigo,Deck & Donohue,,
64,https://www.bieres.com/653-home_default/45-days-organic-pilsner-44cl-to-ol-city.jpg,45 Days Organic Pilsner,To øl City,,
65,https://www.bieres.com/1557-home_default/garde-fou-3375cl-la-malpolon.jpg,Garde fou,La Malpolon,,
66,https://www.bieres.com/1794-home_default/la-salamandra-.jpg,La Salamandra,Brasserie de l'Être,,
67,https://www.bieres.com/608-home_default/myrha-33cl-brasserie-de-la-goutte-d-or.jpg,Myrha,Brasserie de la Goutte d'Or,,
68,https://www.bieres.com/1257-home_default/chateau-rouge-33cl-brasserie-de-la-goutte-d-or.jpg,Château Rouge,Brasserie de la Goutte d'Or,,
69,https://www.bieres.com/362-home_default/french-ipa-3375cl-la-malpolon.jpg,French IPA,La Malpolon,,
70,https://www.bieres.com/623-home_default/ernestine-33cl-brasserie-de-la-goutte-d-or.jpg,Ernestine,Brasserie de la Goutte d'Or,,
71,https://www.bieres.com/1637-home_default/brumaire-et-frimaire.jpg,Brumaire et Frimaire,Deck & Donohue,,
72,https://www.bieres.com/671-home_default/mediterranean-pale-ale-mpa-3375cl-la-malpolon.jpg,Mediterranean Pale Ale (MPA),La Malpolon,,
73,https://www.bieres.com/557-home_default/chapelle-33cl-brasserie-de-la-goutte-d-or.jpg,Chapelle,Brasserie de la Goutte d'Or,,
74,https://www.bieres.com/689-home_default/petite-pigalle.jpg,Petite Pigalle,Brasserie de la Goutte d'Or,,
75,https://www.bieres.com/443-home_default/orange-mecanique-33cl-brasserie-sainte-cru.jpg,Orange Mécanique,Brasserie Sainte Cru,,
76,https://www.bieres.com/500-home_default/red-is-dead-33cl-brasserie-sainte-cru.jpg,Red is Dead,Brasserie Sainte Cru,,
77,https://www.bieres.com/1524-home_default/tempete-du-desert-33cl-brasserie-sainte-cru.jpg,Tempête du Désert,Brasserie Sainte Cru,,
78,https://www.bieres.com/1152-home_default/white-rabbit-33cl-brasserie-sainte-cru.jpg,White Rabbit,Brasserie Sainte Cru,,
79,https://www.bieres.com/1046-home_default/don-t-panic-33cl-brasserie-sainte-cru.jpg,Don't Panic,Brasserie Sainte Cru,,
80,https://www.bieres.com/452-home_default/sex-ale-rock-n-roll-33cl-brasserie-sainte-cru.jpg,Sex Ale & Rock'n'Roll,Brasserie Sainte Cru,,
81,https://www.bieres.com/626-home_default/fur-bones-33cl-brasserie-la-debauche.jpg,Fur & Bones,La Débauche,,
82,https://www.bieres.com/473-home_default/double-face-33cl-brasserie-la-debauche.jpg,Double Belge,La Débauche,,
83,https://www.bieres.com/1587-home_default/cognac-barrel-33cl-brasserie-la-debauche.jpg,Cognac Barrel,La Débauche,,
84,https://www.bieres.com/1542-home_default/nevermore-33cl-brasserie-la-debauche.jpg,Nevermore,La Débauche,,
85,https://www.bieres.com/1736-home_default/demi-mondaine-33cl-brasserie-la-debauche.jpg,Demi-Mondaine,La Débauche,,
86,https://www.bieres.com/1500-home_default/big-boy-33cl-brasserie-la-debauche.jpg,Big-Boy,La Débauche,,
87,https://www.bieres.com/569-home_default/kama-33cl-brasserie-la-debauche.jpg,Kama,La Débauche,,
88,https://www.bieres.com/352-home_default/good-boy-ipa-33cl-brasserie-la-debauche.jpg,Good Boy IPA,La Débauche,,
89,https://www.bieres.com/340-home_default/alma-33cl-brasserie-la-debauche.jpg,Alma,La Débauche,,
90,https://www.bieres.com/641-home_default/milkshake-passion-ipa-33cl-brasserie-la-debauche.jpg,Milkshake Passion IPA,La Débauche,,
91,https://www.bieres.com/581-home_default/hazy-diamond-33cl-brasserie-la-debauche.jpg,Hazy Diamond,La Débauche,,
92,https://www.bieres.com/415-home_default/cherry-leader-33cl-brasserie-la-debauche.jpg,Cherry Leader,La Débauche,,
93,https://www.bieres.com/1052-home_default/black-ale-india-33cl-brasserie-la-debauche.jpg,Black Ale India,La Débauche,,
94,https://www.bieres.com/1049-home_default/ipa-33cl-brasserie-la-debauche.jpg,IPA,La Débauche,,
95,https://www.bieres.com/605-home_default/denise-33cl-brasserie-du-grand-paris.jpg,Denise,Brasserie du Grand Paris,,
96,https://www.bieres.com/536-home_default/a-l-ouest-33cl-brasserie-du-grand-paris.jpg,A l'Ouest,Brasserie du Grand Paris,,
97,https://www.bieres.com/530-home_default/citra-galactique-ipa-33cl-brasserie-du-grand-paris.jpg,Citra Galactique IPA,Brasserie du Grand Paris,,
98,https://www.bieres.com/1506-home_default/waimea-bay-33cl-brasserie-du-grand-paris.jpg,Waimea Bay,Brasserie du Grand Paris,,
99,https://www.bieres.com/1575-home_default/nice-to-meet-you-33cl-brasserie-du-grand-paris.jpg,Nice to Meet You,Brasserie du Grand Paris,,
100,https://www.bieres.com/485-home_default/smoke-on-the-water-33cl-brasserie-du-grand-paris.jpg,Smoke on the Water,Brasserie du Grand Paris,,
101,https://www.bieres.com/379-home_default/l-express-33cl-brasserie-du-grand-paris.jpg,L'Express,Brasserie du Grand Paris,,
102,https://www.bieres.com/614-home_default/porte-doree-33cl-brasserie-du-grand-paris.jpg,Porte Dorée,Brasserie du Grand Paris,,
103,https://www.bieres.com/647-home_default/l-abbaye-de-saint-bon-chien-375cl-brasserie-bfm.jpg,L'Abbaye de Saint Bon-Chien,Brasserie Franche Montagne (BFM),,
104,https://www.bieres.com/112-home_default/moonlight-black-ale.jpg,Moonlight Black Ale,Coconino,,
105,https://www.bieres.com/1858-home_default/the-perfect-crime.jpg,The Perfect Crime,Siren Craft Brew,,
106,https://www.bieres.com/114-home_default/hoppy-pale-ale-33cl-coconino.jpg,Hoppy Pale Ale,Coconino,,
107,https://www.bieres.com/117-home_default/hop-series-session-ipa-33cl-coconino.jpg,Hop Series Session IPA,Coconino,,
108,https://www.bieres.com/120-home_default/black-mamba-33cl-coconino.jpg,Black Mamba,Coconino,,
109,https://www.bieres.com/662-home_default/agent-provocateur-33cl75cl-brasserie-craig-allan.jpg,Agent provocateur,Craig Allan,,
110,https://www.bieres.com/680-home_default/psychedelia-33cl75cl-brasserie-craig-allan.jpg,Psychédélia,Craig Allan,,
111,https://www.bieres.com/665-home_default/psychedelia-33cl75cl-brasserie-craig-allan.jpg,Black Market,Craig Allan,,
112,https://www.bieres.com/1611-home_default/cuvee-d-oscar-375cl-brasserie-craig-allan.jpg,Cuvée d'Oscar,Craig Allan,,
113,https://www.bieres.com/380-home_default/eroica-33cl-the-piggy-brewing-company.jpg,Eroica,The Piggy Brewing Company,,
114,https://www.bieres.com/437-home_default/pick-me-up-33cl-the-piggy-brewing-company.jpg,Pick Me Up,The Piggy Brewing Company,,
115,https://www.bieres.com/599-home_default/ink-dagger-33cl-amundsen.jpg,Ink & Dagger,Amundsen,,
116,https://www.bieres.com/590-home_default/apocalyptic-thunder-juice-33cl-amundsen.jpg,Apocalyptic Thunder Juice,Amundsen,,
117,https://www.bieres.com/587-home_default/hopbliminal-messages-33cl-amundsen.jpg,Hopbliminal Messages,Amundsen,,
118,https://www.bieres.com/144-home_default/everyday-hero-33cl-amundsen.jpg,Everyday Hero,Amundsen,,
119,https://www.bieres.com/146-home_default/everyday-hero-33cl-amundsen.jpg,Lush,Amundsen,,
120,https://www.bieres.com/148-home_default/lorita-33cl-amundsen.jpg,Lorita,Amundsen,,
121,https://www.bieres.com/1614-home_default/miel-harmonie-33cl-bendorf.jpg,Miel Harmonie,Bendorf,,
122,https://www.bieres.com/371-home_default/reves-d-etoiles-33cl-bendorf.jpg,Rêve d'Etoile,Bendorf,,
123,https://www.bieres.com/1530-home_default/reves-d-etoiles-33cl-bendorf.jpg,Abysses de Baggersee,Bendorf,,
124,https://www.bieres.com/409-home_default/kollan-lill-33cl-bendorf.jpg,Kollane Lill,Bendorf,,
125,https://www.bieres.com/395-home_default/a-l-ombre-des-pensees-33cl-bendorf.jpg,A l'Ombre des Pensées,Bendorf,,
126,https://www.bieres.com/421-home_default/neudorf-33cl-bendorf.jpg,Neudorf,Bendorf,,
127,https://www.bieres.com/632-home_default/queen-of-langstross-33cl-bendorf.jpg,Queen of Langstross,Bendorf,,
128,https://www.bieres.com/1425-home_default/goat-me-a-stout-33cl-la-p-tite-maiz-.jpg,Goat Me a Stout,La P'tite Maiz,,
129,https://www.bieres.com/1551-home_default/don-t-worry-be-ipa-33cl-la-p-tite-maiz-.jpg,Don't Worry Be IPA,La P'tite Maiz,,
130,https://www.bieres.com/674-home_default/this-is-not-a-pils-33cl-la-p-tite-maiz-.jpg,This is not a Pils,La P'tite Maiz,,
131,https://www.bieres.com/1748-home_default/tuperboire-33cl-brasserie-sulauze.jpg,Tuperboire,Brasserie de Sulauze,,
132,https://www.bieres.com/491-home_default/machoman-33cl-brasserie-sulauze.jpg,Machoman,Brasserie de Sulauze,,
133,https://www.bieres.com/1739-home_default/satourne-33cl-.jpg,Satourne,Brasserie de Sulauze,,
134,https://www.bieres.com/1812-home_default/burly-33cl-brasserie-sulauze.jpg,Burly,Brasserie de Sulauze,,
135,https://www.bieres.com/686-home_default/icauna-44cl-popihn.jpg,Icauna,Popihn,,
136,https://www.bieres.com/1818-home_default/bower-bird-33cl-zoobrew.jpg,Bower Bird,ZooBrew,,
137,https://www.bieres.com/464-home_default/bush-viper-33cl-zoobrew.jpg,Bush Viper,ZooBrew,,
138,https://www.bieres.com/512-home_default/condor-33cl-zoobrew.jpg,Condor,ZooBrew,,
139,https://www.bieres.com/494-home_default/nautilus-gose-33cl-zoobrew.jpg,Nautilus Gose,ZooBrew,,
140,https://www.bieres.com/509-home_default/king-louie-33cl-zoobrew.jpg,King Louie,ZooBrew,,
141,https://www.bieres.com/524-home_default/wheat-ale-3375cl-effet-papillon.jpg,Wheat Ale,Effet Papillon,,
142,https://www.bieres.com/1581-home_default/american-pale-ale-3375cl-effet-papillon.jpg,American Pale Ale,Effet Papillon,,
143,https://www.bieres.com/1605-home_default/ipa-3375cl-effet-papillon.jpg,IPA,Effet Papillon,,
144,https://www.bieres.com/2035-home_default/rye-amber-ale-3375cl-effet-papillon.jpg,Rye Amber Ale,Effet Papillon,,
145,https://www.bieres.com/1281-home_default/imperial-stout-3375cl-effet-papillon.jpg,Imperial Stout,Effet Papillon,,
146,https://www.bieres.com/201-home_default/nova-saison-3375cl-la-malpolon.jpg,Nova Saison,La Malpolon,,
147,https://www.bieres.com/1533-home_default/ble-fenouil-3375cl-la-malpolon.jpg,Blé / Fenouil,La Malpolon,,
148,https://www.bieres.com/1569-home_default/la-meule-33cl-brasserie-bfm.jpg,La meule,Brasserie Franche Montagne (BFM),,
149,https://www.bieres.com/1563-home_default/la-torpille-33cl-brasserie-bfm.jpg,La torpille,Brasserie Franche Montagne (BFM),,
150,https://www.bieres.com/554-home_default/la-salamandre-33cl-brasserie-bfm.jpg,La salamandre,Brasserie Franche Montagne (BFM),,
151,https://www.bieres.com/209-home_default/la-saison-225-33cl-brasserie-bfm.jpg,La saison 225,Brasserie Franche Montagne (BFM),,
152,https://www.bieres.com/1269-home_default/whirl-domination-44cl-to-ol-city.jpg,Whirl Domination,To øl City,,
153,https://www.bieres.com/566-home_default/house-of-pale-44cl-to-ol-city.jpg,House of Pale,To øl City,,
154,https://www.bieres.com/404-home_default/session-city-44cl-to-ol-city.jpg,City Session IPA,To øl City,,
155,https://www.bieres.com/1548-home_default/delta-ipa-33cl-brussels-beer-project.jpg,Delta IPA,Brussels Beer Project,,
156,https://www.bieres.com/548-home_default/grosse-bertha-33cl-brussels-beer-project.jpg,Grosse Bertha,Brussels Beer Project,,
157,https://www.bieres.com/1593-home_default/babylone-33cl-brussels-beer-project.jpg,Babylone,Brussels Beer Project,,
158,https://www.bieres.com/1266-home_default/junglejoy-33cl-brussels-beer-project.jpg,Jungle Joy,Brussels Beer Project,,
159,https://www.bieres.com/1900-home_default/things-ain-t-what-they-used.jpg,Things Ain't What They Used,Dry & Bitter,,
160,https://www.bieres.com/656-home_default/wunder-lager-33cl-brussels-beer-project.jpg,Wunder Lager,Brussels Beer Project,,
161,https://www.bieres.com/401-home_default/biere-d-hiver-biere-de-noel.jpg,Bière d'Hiver,La Débauche,,
162,https://www.bieres.com/331-home_default/rage-against-christmas-biere-de-noel.jpg,Rage Against Christmas,Brasserie Sainte Cru,,
163,https://www.bieres.com/389-home_default/sous-la-neige-biere-de-noel.jpg,Sous la Neige,Bendorf,,
164,https://www.bieres.com/1721-home_default/citron-givre-biere-de-noel.jpg,Citron givré,Brasserie du Grand Paris,,
165,https://www.bieres.com/1437-home_default/moralite.jpg,Moralité,Dieu du ciel,,
166,https://www.bieres.com/458-home_default/rosee-d-hibiscus.jpg,Rosée d'hibiscus,Dieu du ciel,,
167,https://www.bieres.com/518-home_default/hazy-rider.jpg,Hazy Rider,Hoppy Road,,
168,https://www.bieres.com/542-home_default/ad-lib.jpg,Ad Lib.,Hoppy Road,,
169,https://www.bieres.com/436-home_default/hopper.jpg,Hopper,Hoppy Road,,
170,https://www.bieres.com/319-home_default/sphinx.jpg,Sphinx,Brasserie de l'Être,,
171,https://www.bieres.com/298-home_default/oliphant.jpg,Oliphant,Brasserie de l'Être,,
172,https://www.bieres.com/301-home_default/limonade-33cl.jpg,Limoonade,Pleine Lune,,
173,https://www.bieres.com/337-home_default/ipa-citra-centennial.jpg,IPA Citra Centennial Talus,Popihn,,
174,https://www.bieres.com/334-home_default/ipa-talus.jpg,IPA Talus,Popihn,,
175,https://www.bieres.com/292-home_default/aubeloun-33cl.jpg,Aubeloun,Pleine Lune,,
176,https://www.bieres.com/313-home_default/lunette-33cl.jpg,Lunette,Pleine Lune,,
177,https://www.bieres.com/328-home_default/cerberus.jpg,Cerberus,Brasserie de l'Être,,
178,https://www.bieres.com/694-home_default/caution-tape-guard-rail.jpg,Caution Tape Guard Rail,4 Noses,,
179,https://www.bieres.com/700-home_default/fruit-blender-smoothie.jpg,Fruit Blender Smoothie,4 Noses,,
180,https://www.bieres.com/724-home_default/gauntlet.jpg,Gauntlet,Black Project,,
181,https://www.bieres.com/739-home_default/kipper.jpg,Kipper,Black Project,,
182,https://www.bieres.com/706-home_default/double-maceration.jpg,Double Maceration,New Image,,
183,https://www.bieres.com/745-home_default/ddh-coriolis-effet-motueka-.jpg,DDH Coriolis Effect : Motueka,New Image,,
184,https://www.bieres.com/721-home_default/active-culture-tiki-sunrise.jpg,Active Culture Tiki Sunrise,Paradox,,
185,https://www.bieres.com/712-home_default/mf-gose-rhubarberry.jpg,MF Gose Rhubarberry,Paradox,,
186,https://www.bieres.com/760-home_default/craft-lager-.jpg,Craft Lager,Upslope,,
187,https://www.bieres.com/754-home_default/citra-pale-ale-.jpg,Citra Pale Ale,Upslope,,
188,https://www.bieres.com/766-home_default/snowmelt-grenade-acai.jpg,Snow Melt Grenade & Açaï,Upslope,,
189,https://www.bieres.com/775-home_default/snowmelt-mandarine-houblon.jpg,Snow Melt Mandarine & Houblon,Upslope,,
190,https://www.bieres.com/778-home_default/snowmelt-citron-vert-genevrier.jpg,Snow Melt Citron vert & Genévrier,Upslope,,
191,https://www.bieres.com/1803-home_default/born-to-be-wheat-.jpg,Born To Be Wheat,La P'tite Maiz,,
192,https://www.bieres.com/1998-home_default/pierre-de-lune-.jpg,Pierre de Lune,Pleine Lune,,
193,https://www.bieres.com/2004-home_default/lager-des-etoiles.jpg,Lager des Etoiles,Pleine Lune,,
194,https://www.bieres.com/1323-home_default/lunieme-.jpg,Lunième,Pleine Lune,,
195,https://www.bieres.com/750-home_default/flamingo.jpg,Flamingo,Hoppy Road,,
196,https://www.bieres.com/787-home_default/blonde-helles.jpg,Blonde - Helles,Galibot,,
197,https://www.bieres.com/790-home_default/bloody-chancer.jpg,Bloody chancer,Boundary,,
198,https://www.bieres.com/1004-home_default/stereo-mono-mosaic.jpg,Stereo mono Mosaïc,To øl City,,
199,https://www.bieres.com/1028-home_default/organic-raspberry.jpg,Organic Raspberry,Samuel Smith,,
200,https://www.bieres.com/1022-home_default/organic-pale-ale.jpg,Organic Pale ale,Samuel Smith,,
201,https://www.bieres.com/1037-home_default/organic-strawberry.jpg,Organic Strawberry,Samuel Smith,,
202,https://www.bieres.com/812-home_default/fuego-sour.jpg,Fuego Sour,Fierce,,
203,https://www.bieres.com/941-home_default/robb-de-matt.jpg,Robb de matt,Lambrate,,
204,https://www.bieres.com/998-home_default/taddy-porter.jpg,Taddy Porter,Samuel Smith,,
205,https://www.bieres.com/956-home_default/gaina.jpg,Gaina,Lambrate,,
206,https://www.bieres.com/1013-home_default/body-riddle.jpg,Body riddle,Whiplash,,
207,https://www.bieres.com/983-home_default/rollover.jpg,Rollover,Whiplash,,
208,https://www.bieres.com/977-home_default/lumina.jpg,Lumina,Siren Craft Brew,,
209,https://www.bieres.com/950-home_default/lune-seule-fois.jpg,Lune seule fois,Pleine Lune,,
210,https://www.bieres.com/938-home_default/northern-lights.jpg,Northern Lights,Whiplash,,
211,https://www.bieres.com/914-home_default/name-dropping.jpg,Name Dropping,La P'tite Maiz,,
212,https://www.bieres.com/905-home_default/jour-j.jpg,Jour J,Effet Papillon,,
213,https://www.bieres.com/890-home_default/liripip.jpg,Liripip,The Wild Beer Co.,,
214,https://www.bieres.com/884-home_default/cosmic.jpg,Cosmic,Lambrate,,
215,https://www.bieres.com/878-home_default/let-the-night-in.jpg,Let The Night In,Siren Craft Brew,,
216,https://www.bieres.com/872-home_default/aurone.jpg,Aurone,La Malpolon,,
217,https://www.bieres.com/917-home_default/tartu-pilsner.jpg,Tartu Pilsner,Pühaste,,
218,https://www.bieres.com/974-home_default/beetbox.jpg,Beetbox,Pühaste,,
219,https://www.bieres.com/866-home_default/magnet.jpg,Magnet,Pühaste,,
220,https://www.bieres.com/863-home_default/01-saison-pink-lady-.jpg,01 Saison Pink Lady,Brew by  Numbers,,
221,https://www.bieres.com/854-home_default/pessegoun.jpg,Pessegoun,Brasserie de Sulauze,,
222,https://www.bieres.com/836-home_default/frank.jpg,Frank,Flügge,,
223,https://www.bieres.com/923-home_default/mosaiiik.jpg,Mosaiiik,Pühaste,,
224,https://www.bieres.com/830-home_default/kiss-my-ace.jpg,Kiss My Ace,La Débauche,,
225,https://www.bieres.com/824-home_default/india-project-ale.jpg,India Project Ale,Craig Allan,,
226,https://www.bieres.com/929-home_default/yasamin.jpg,Yasamin,Brasserie de la Goutte d'Or,,
227,https://www.bieres.com/902-home_default/marilune-monroe.jpg,Marilune Monroe,Pleine Lune,,
228,https://www.bieres.com/845-home_default/south-2020.jpg,South 2020,Frontaal,,
229,https://www.bieres.com/1040-home_default/zest.jpg,Zest,Extraomnes,,
230,https://www.bieres.com/848-home_default/nelson-s-folly.jpg,Nelson's Folly,Brasserie du Grand Paris,,
231,https://www.bieres.com/896-home_default/ni-dieu-ni-maitre.jpg,Ni Dieu Ni Maître,Brasserie Sainte Cru,,
232,https://www.bieres.com/1094-home_default/organic-choco-stout.jpg,Organic Choco Stout,Samuel Smith,,
233,https://www.bieres.com/1097-home_default/soundwave.jpg,Soundwave IPA,Siren Craft Brew,,
234,https://www.bieres.com/1109-home_default/blond.jpg,Blond,Extraomnes,,
235,https://www.bieres.com/1112-home_default/blanche-du-paradis.jpg,Blanche du Paradis,Dieu du ciel,,
236,https://www.bieres.com/1118-home_default/calypso.jpg,Calypso,Siren Craft Brew,,
237,https://www.bieres.com/1127-home_default/yulu.jpg,Yulu,Siren Craft Brew,,
238,https://www.bieres.com/992-home_default/millionaire.jpg,Millionaire,The Wild Beer Co.,,
239,https://www.bieres.com/821-home_default/hiram.jpg,Hiram,Brasserie de la Goutte d'Or,,
240,https://www.bieres.com/1129-home_default/american-magnut.jpg,American magut,Lambrate,,
241,https://www.bieres.com/1135-home_default/bibble.jpg,Bibble,The Wild Beer Co.,,
242,https://www.bieres.com/1147-home_default/organic-cherry-.jpg,Organic Cherry,Samuel Smith,,
243,https://www.bieres.com/1209-home_default/water-jump.jpg,Water Jump,Whiplash,,
244,https://www.bieres.com/1203-home_default/sentinelle-.jpg,Sentinelle,Dieu du ciel,,
245,https://www.bieres.com/1254-home_default/sour-noize.jpg,Sour Noise,Brasserie de Sulauze,,
246,https://www.bieres.com/1236-home_default/super-vanilla.jpg,Super Vanilla,La Débauche,,
247,https://www.bieres.com/1224-home_default/domm.jpg,Domm,Lambrate,,
248,https://www.bieres.com/1251-home_default/core.jpg,Core,Lambrate,,
249,https://www.bieres.com/1218-home_default/lust-4-life.jpg,Lust 4 Life,Brussels Beer Project,,
250,https://www.bieres.com/1242-home_default/hard-.jpg,Hard,Lambrate,,
251,https://www.bieres.com/1230-home_default/louise.jpg,Louise,Brasserie de la Goutte d'Or,,
252,https://www.bieres.com/1239-home_default/imperial-brown-stout.jpg,Imperial Brown Stout,Brasserie du Grand Paris,,
253,https://www.bieres.com/1287-home_default/princesse-inca-.jpg,Princesse Inca,Galibot,,
254,https://www.bieres.com/1284-home_default/gose-lla.jpg,Gose'Illa,Brasserie de Sulauze,,
255,https://www.bieres.com/1752-home_default/organic-lager.jpg,Organic Lager,Samuel Smith,,
256,https://www.bieres.com/2344-home_default/broken-dream.jpg,Broken Dream,Siren Craft Brew,,
257,https://www.bieres.com/1299-home_default/soleil.jpg,Soleil,Ermitage,,
258,https://www.bieres.com/1308-home_default/sunset.jpg,Sunset,Pleine Lune,,
259,https://www.bieres.com/1314-home_default/icauna.jpg,Icauna,Popihn,,
260,https://www.bieres.com/1338-home_default/briarde-blanche.jpg,Briarde Blanche,Brasserie Rabourdin,,
261,https://www.bieres.com/1353-home_default/briarde-blonde.jpg,Briarde Blonde,Brasserie Rabourdin,,
262,https://www.bieres.com/1326-home_default/briarde-ambree.jpg,Briarde Ambrée,Brasserie Rabourdin,,
263,https://www.bieres.com/1362-home_default/blonde-bio.jpg,Briarde Blonde Bio,Brasserie Rabourdin,,
264,https://www.bieres.com/1344-home_default/briarde-ipa.jpg,Briarde IPA,Brasserie Rabourdin,,
265,https://www.bieres.com/1332-home_default/briarde-saison-farmhouse-ale.jpg,Briarde Saison Farmhouse Ale,Brasserie Rabourdin,,
266,https://www.bieres.com/1377-home_default/biere-de-brie-blonde.jpg,Bière de brie Blonde,Brasserie Rabourdin,,
267,https://www.bieres.com/1386-home_default/biere-de-brie-ambree.jpg,Bière de brie Ambrée,Brasserie Rabourdin,,
268,https://www.bieres.com/1356-home_default/imperial-stout.jpg,Imperial Stout,Samuel Smith,,
269,https://www.bieres.com/1368-home_default/biere-de-brie-blanche.jpg,Bière de brie Blanche,Brasserie Rabourdin,,
270,https://www.bieres.com/1434-home_default/juice-punch-v3.jpg,Juice Punch V3,Frontaal,,
271,https://www.bieres.com/1452-home_default/juice-punch-v6.jpg,Juice Punch V6,Frontaal,,
272,https://www.bieres.com/1455-home_default/never-cursed.jpg,Never Cursed,Whiplash,,
273,https://www.bieres.com/1467-home_default/blimey.jpg,Blimey ! Tickle me & Shake me,La P'tite Maiz,,
274,https://www.bieres.com/1476-home_default/pico-bello.jpg,Pico Bello,Brussels Beer Project,,
275,https://www.bieres.com/1479-home_default/papa-mango-charly.jpg,Papa Mango Charly,La P'tite Maiz,,
276,https://www.bieres.com/1485-home_default/atomic-dog.jpg,Atomic dog,To øl City,,
277,https://www.bieres.com/1494-home_default/french-ipa.jpg,French IPA,La Débauche,,
278,https://www.bieres.com/1446-home_default/bonita.jpg,Bonita,Brasserie de la Goutte d'Or,,
279,https://www.bieres.com/1473-home_default/juice-punch-v10.jpg,Juice Punch V10,Frontaal,,
280,https://www.bieres.com/1625-home_default/ipa-houblons-nouveaux.jpg,IPA De Récolte (Houblons nouveaux),Deck & Donohue,,
281,https://www.bieres.com/1619-home_default/berliner-weisse.jpg,Berliner Weisse,Deck & Donohue,,
282,https://www.bieres.com/1670-home_default/stamina.jpg,Stamina,The Piggy Brewing Company,,
283,https://www.bieres.com/1673-home_default/last-call-for-lupulin-island.jpg,Last Call for Lupulin Island,The Piggy Brewing Company,,
284,https://www.bieres.com/1682-home_default/send-the-wood.jpg,Send the wood,La P'tite Maiz,,
285,https://www.bieres.com/1715-home_default/trippin-ipa.jpg,Trippin' IPA,Hoppy Road,,
286,https://www.bieres.com/1697-home_default/lassi-gose.jpg,Lassi Gose,Popihn,,
287,https://www.bieres.com/1703-home_default/internationale.jpg,Internation’ale,Brasserie de l'Être,,
288,https://www.bieres.com/1709-home_default/house-of-pale.jpg,House Of Pale,To øl City,,
289,https://www.bieres.com/1767-home_default/cameleon.jpg,Caméléon,ZooBrew,,
290,https://www.bieres.com/1761-home_default/lanterne.jpg,Lanterne,Ermitage,,
291,https://www.bieres.com/1758-home_default/clef-des-champs.jpg,Clef des champs,Brasserie de Sulauze,,
292,https://www.bieres.com/1791-home_default/darbyste.jpg,Darbyste,Brasserie de Blaugies,,
293,https://www.bieres.com/1776-home_default/la-cene.jpg,La Cene,Ermitage,,
294,https://www.bieres.com/1782-home_default/theoreme-de-l-empereur.jpg,Theoreme de l'empereur,Ermitage,,
295,https://www.bieres.com/2348-home_default/presse-framboise.jpg,Presse Framboise,Brasserie du Grand Paris,,
296,https://www.bieres.com/1822-home_default/ddh-n1.jpg,DDH n°1,Brasserie Sainte Cru,,
297,https://www.bieres.com/1828-home_default/ddh-n2.jpg,DDH n°2,Brasserie Sainte Cru,,
298,https://www.bieres.com/1834-home_default/bone-machine.jpg,Bone Machine,Whiplash,,
299,https://www.bieres.com/1843-home_default/dark-steering.jpg,Dark Steering,Whiplash,,
300,https://www.bieres.com/1882-home_default/christian-bale.jpg,Christian Bale,Dry & Bitter,,
301,https://www.bieres.com/1894-home_default/dank-juicy-.jpg,Dank & Juicy,Dry & Bitter,,
