,link_photo,name,brand,type
1,https://media.auchan.fr/MEDIASTEP80202553_230x230/B2CD/,"Bière blonde 11,8% boîte",BELZEBUTH,
2,https://media.auchan.fr/MEDIASTEP157309628_230x230/B2CD/,Bière blonde bio 7.2% bouteilles,LA GOUDALE,
3,https://media.auchan.fr/MEDIASTEP66806491_230x230/B2CD/,Bière blonde triple 8% bouteille,SECRET DES MOINES,
4,https://media.auchan.fr/MEDIASTEP137932992_230x230/B2CD/,"Bière brassin de Noël 6,5% bouteilles",GRIMBERGEN,
5,https://media.auchan.fr/MEDIASTEP157260428_230x230/B2CD/,Bière blonde triple signature 8.5%,CH'TI,
6,https://media.auchan.fr/MEDIASTEP110225502_230x230/B2CD/,Bière ambrée corse à la châtaigne 6% bouteilles,PIETRA,
7,https://media.auchan.fr/MEDIASTEP137800900_230x230/B2CD/,"Bière blonde extra 6,5%",BELLEROSE,
8,https://media.auchan.fr/MEDIASTEP73300352_230x230/B2CD/,"Bière blonde french IPA artisanale de Lyon 5,4%",NINKASI,
9,https://media.auchan.fr/MEDIASTEP67118556_230x230/B2CD/,"Bière blanche pink à la framboise 2,8% bouteille",BELZEBUTH,
10,https://media.auchan.fr/MEDIASTEP137275482_230x230/B2CD/,"Bière de garde ambrée 7,5%",JENLAIN,
11,https://media.auchan.fr/MEDIASTEP57431855_230x230/B2CD/,"Bière blonde à l'ancienne 7,2% bouteille",LA GOUDALE,
12,https://media.auchan.fr/MEDIASTEP153556843_230x230/B2CD/,Bière blonde Rimshot 4.6% bouteille,MIRA,
13,https://media.auchan.fr/MEDIASTEP106850752_230x230/B2CD/,"Bière blonde 8,5% bouteilles",DUVEL,
14,https://media.auchan.fr/MEDIASTEP81299753_230x230/B2CD/,Bière rouge Slash aromatisée à la cerise 8% bouteilles,LICORNE,
15,https://media.auchan.fr/MEDIASTEP132248301_230x230/B2CD/,"Bière IPA 6,2% bouteilles",METEOR,
16,https://media.auchan.fr/MEDIASTEP133366394_230x230/B2CD/,"Bière brune 4,2% boîte",GUINNESS,
17,https://media.auchan.fr/MEDIASTEP72430287_230x230/B2CD/,"Bière des Flandres saison 2 houblons 6,5%",3 MONTS,
18,https://media.auchan.fr/MEDIASTEP59894703_230x230/B2CD/,Bière blonde 12% bouteille,LA BIERE DU DEMON,
19,https://media.auchan.fr/MEDIASTEP100836450_230x230/B2CD/,Bière blonde triple artisanale du Nord 9%,DUCASSE,
20,https://media.auchan.fr/MEDIASTEP167500549_230x230/B2CD/,Bière ambrée 10.5%,PIRAAT,
21,https://media.auchan.fr/MEDIASTEP79984826_230x230/B2CD/,Bière de garde blonde 6.8%,JENLAIN,
22,https://media.auchan.fr/MEDIASTEP57431482_230x230/B2CD/,Bière blonde triple 8%,SECRET DES MOINES,
23,https://media.auchan.fr/MEDIASTEP66226237_230x230/B2CD/,"Bière de Noël ambrée 6,6% bouteilles",LEFFE,
24,https://media.auchan.fr/MEDIASTEP68465386_230x230/B2CD/,Bière blonde 3 houblons d'Alsace 6%,FISCHER,
25,https://media.auchan.fr/MEDIASTEP57431964_230x230/B2CD/,"Bière blonde aromatisée fruits rouge 8,5% bouteille",BELZEBUTH,
26,https://media.auchan.fr/MEDIASTEP84270189_230x230/B2CD/,"Bière ambrée de garde 5,9%",CH'TI,
27,https://media.auchan.fr/MEDIASTEP63506099_230x230/B2CD/,"Bière blonde triple 8,4%",KARMELIET,
28,https://media.auchan.fr/MEDIASTEP156797639_230x230/B2CD/,"Bière blonde belge 8,5%",DUVEL,
29,https://media.auchan.fr/MEDIASTEP159956493_230x230/B2CD/,Bière blonde triple grande réserve 9.5% bouteilles,3 MONTS,
30,https://media.auchan.fr/MEDIASTEP61544067_230x230/B2CD/,Bière blonde artisanale du pays Flamand 8%,ANOSTEKE,
31,https://media.auchan.fr/MEDIASTEP165604849_230x230/B2CD/,Bière brassin d'hiver 8.5%,3 MONTS,
32,https://media.auchan.fr/MEDIASTEP61854824_230x230/B2CD/,"Bière dorelei d'alsace ambrée aromatisée 6,3%",FISCHER,
33,https://media.auchan.fr/MEDIASTEP84637021_230x230/B2CD/,"Bière blanche artisanale de Lyon 4,8%",NINKASI,
34,https://media.auchan.fr/MEDIASTEP171687958_230x230/B2CD/,"Bière blonde 5,8%",BRASSERIE MONT BLANC,
35,https://media.auchan.fr/MEDIASTEP106850726_230x230/B2CD/,Bière blonde belge 8% bouteille,LA CHOUFFE,
36,https://media.auchan.fr/MEDIASTEP67118555_230x230/B2CD/,"Bière blonde triple 8,5% bouteille",BELZEBUTH,
37,https://media.auchan.fr/MEDIASTEP105961261_230x230/B2CD/,"Bière blonde triple des Flandres grande réserve 9,5%",3 MONTS,
38,https://media.auchan.fr/MEDIASTEP73875523_230x230/B2CD/,Bière blonde forte 9%,BIERE DU CORBEAU,
39,https://media.auchan.fr/MEDIASTEP155674802_230x230/B2CD/,"Bière blanche 4,7%",BRASSERIE MONT BLANC,
40,https://media.auchan.fr/MEDIASTEP65628311_230x230/B2CD/,"Bière blonde Cristal 4,7%",BRASSERIE MONT BLANC,
41,https://media.auchan.fr/MEDIASTEP81422584_230x230/B2CD/,"Bière cuivrée malts spéciaux 6,5%",3 MONTS,
42,https://media.auchan.fr/MEDIASTEP159956438_230x230/B2CD/,Bière blonde belge bouteille 8.5%,DUVEL,
43,https://media.auchan.fr/MEDIASTEP57471437_230x230/B2CD/,"Bière blanche Olympic white 4,2% bouteille",MIRA,
44,https://media.auchan.fr/MEDIASTEP63425328_230x230/B2CD/,Bière Ruby aromatisée fruits rouges 5%,LEFFE,
45,https://media.auchan.fr/MEDIASTEP80601873_230x230/B2CD/,Bière ambrée corse à la châtaigne 6% boîte,PIETRA,
46,https://media.auchan.fr/MEDIASTEP106850725_230x230/B2CD/,"Bière blonde belge de fermentation haute 8,5%",HAPKIN,
47,https://media.auchan.fr/MEDIASTEP138139766_230x230/B2CD/,Bière blonde tradition d'Alsace 6% verre non consigné,FISCHER,
48,https://media.auchan.fr/MEDIASTEP79984825_230x230/B2CD/,"Bière de garde blonde 6,8% boîte",JENLAIN,
49,https://media.auchan.fr/MEDIASTEP136829739_230x230/B2CD/,"Bière blonde de garde 6,4%",CH'TI,
50,https://media.auchan.fr/MEDIASTEP84637023_230x230/B2CD/,"Bière blonde triple artisanale de Lyon 8,4%",NINKASI,
51,https://media.auchan.fr/MEDIASTEP106850727_230x230/B2CD/,Bière blonde belge 8%,LA CHOUFFE,
52,https://media.auchan.fr/MEDIASTEP158718299_230x230/B2CD/,Bière rouge Slash aromatisée à la cerise 8%,SLASH,
53,https://media.auchan.fr/MEDIASTEP159956314_230x230/B2CD/,Bière belge blonde 8.5%,VICTORIA,
54,https://media.auchan.fr/MEDIASTEP57431494_230x230/B2CD/,"Bière blonde 6,6%",LEFFE,
55,https://media.auchan.fr/MEDIASTEP158716989_230x230/B2CD/,Bière blonde origin 7.5%,SLASH,
56,https://media.auchan.fr/MEDIASTEP65257449_230x230/B2CD/,"Coffret bière blonde triple 8,4% bouteilles",KARMELIET,
57,https://media.auchan.fr/MEDIASTEP82205166_230x230/B2CD/,Bière blonde rituel 9%,LEFFE,
58,https://media.auchan.fr/MEDIASTEP77419411_230x230/B2CD/,"Bière belge artisanale aromatisée framboise 2,5% bouteille",LINDEMANS,
59,https://media.auchan.fr/MEDIASTEP161958801_230x230/B2CD/,Bière blanche 6%,GRIMBERGEN,
60,https://media.auchan.fr/MEDIASTEP155674664_230x230/B2CD/,"Bière rousse 6,5%",BRASSERIE MONT BLANC,
61,https://media.auchan.fr/MEDIASTEP137869074_230x230/B2CD/,Calendrier bières de l'avent,PÈRE BRASSEUR,
62,https://media.auchan.fr/MEDIASTEP137801934_230x230/B2CD/,"Bière blonde forte 8,5% bouteille",DELIRIUM,
63,https://media.auchan.fr/MEDIASTEP84637022_230x230/B2CD/,Bière blonde artisanale de Lyon 4%,NINKASI,
64,https://media.auchan.fr/MEDIASTEP89226334_230x230/B2CD/,Bière black 6% bouteilles,LICORNE,
65,https://media.auchan.fr/MEDIASTEP58648473_230x230/B2CD/,"Bière blonde IPA 7,2% bouteille",LA GOUDALE,
66,https://media.auchan.fr/MEDIASTEP135717953_230x230/B2CD/,"Bière brune comme à la pression boîte 4,2%",GUINNESS,
67,https://media.auchan.fr/MEDIASTEP105961531_230x230/B2CD/,"Bière blanche 4,5% bouteille",BLANCHE DE NAMUR,
68,https://media.auchan.fr/MEDIASTEP67374992_230x230/B2CD/,"Blanc Bière aromatisée au génépi 5,9%",BRASSERIE MONT BLANC,
69,https://media.auchan.fr/MEDIASTEP65823859_230x230/B2CD/,"Bière belge artisanale aromatisée cassis 3,5% bouteille",LINDEMANS,
70,https://media.auchan.fr/MEDIASTEP92642704_230x230/B2CD/,Bière ambrée 6% bouteille,TERRE DE BIERES,
71,https://media.auchan.fr/MEDIASTEP69765892_230x230/B2CD/,Bière blonde triple 8.2%,DOMINICAINS,
72,https://media.auchan.fr/MEDIASTEP92642702_230x230/B2CD/,Bière blonde 5% bouteille,TERRE DE BIERES,
73,https://media.auchan.fr/MEDIASTEP106866725_230x230/B2CD/,Kwak Coffret bière blonde belge 8% bouteilles 4x33cl,KWAK,
74,https://media.auchan.fr/MEDIASTEP58889082_230x230/B2CD/,Bière blonde de caractère 9%,LA BÊTE,
75,https://media.auchan.fr/MEDIASTEP140426101_230x230/B2CD/,Scotch whisky écossais single malt IPA 43%,GLENFIDDICH,
76,https://media.auchan.fr/MEDIASTEP85730603_230x230/B2CD/,"Bière Belge d'Abbaye ambrée 6,6%",LEFFE,
77,https://media.auchan.fr/MEDIASTEP134398739_230x230/B2CD/,"Bière blonde East IPA 6,9% bouteille",BROOKLYN,
78,https://media.auchan.fr/MEDIASTEP62732831_230x230/B2CD/,Bière rouge belge 8%,KASTEEL,
79,https://media.auchan.fr/MEDIASTEP166534762_230x230/B2CD/,Bière blonde Héritage houblons aromatiques 7%,3 MONTS,
80,https://media.auchan.fr/MEDIASTEP57431506_230x230/B2CD/,"Bière blonde Nectar aromatisée miel 5,5% bouteilles",LEFFE,
81,https://media.auchan.fr/MEDIASTEP57431800_230x230/B2CD/,Bière ambrée 7.2% bouteilles,GOUDALE,
82,https://media.auchan.fr/MEDIASTEP77419426_230x230/B2CD/,"Bière blonde La Pêcheresse artisanale 2,5% bouteille",LINDEMANS,
83,https://media.auchan.fr/MEDIASTEP69558515_230x230/B2CD/,Bière blonde Quadrupel 9   9.2%,DOMINICAINS,
84,https://media.auchan.fr/MEDIASTEP133373805_230x230/B2CD/,Bière Punk IPA 5.4%,BREWDOG,
85,https://media.auchan.fr/MEDIASTEP82317780_230x230/B2CD/,"Bière blonde triple 8,5%",LEFFE,
86,https://media.auchan.fr/MEDIASTEP139201669_230x230/B2CD/,Bière blonde La solidaire haute fermentation 8%,CASTELAIN,
87,https://media.auchan.fr/MEDIASTEP154988470_230x230/B2CD/,Bière artisanale ambrée 6% bio bouteille,MASCARET,
88,https://media.auchan.fr/MEDIASTEP74085138_230x230/B2CD/,"Bière blanche aromatisée à la violette 2,8% bouteille",BELZEBUTH,
89,https://media.auchan.fr/MEDIASTEP134398738_230x230/B2CD/,Bière blonde Defender IPA 5.5% bouteilles,BROOKLYN,
90,https://media.auchan.fr/MEDIASTEP142689462_230x230/B2CD/,"Boisson pétillante alcoolisée 4,5% citron gingembre pamplemousse boîte",BEWIZ,
91,https://media.auchan.fr/MEDIASTEP61277851_230x230/B2CD/,"Bière blonde à l'ancienne 7,2% bouteilles",G DE GOUDALE,
92,https://media.auchan.fr/MEDIASTEP66852726_230x230/B2CD/,"Bière blonde à l'ancienne 7,2%",LA GOUDALE,
93,https://media.auchan.fr/MEDIASTEP80699102_230x230/B2CD/,"Bière blonde La G grand cru 7,9%",LA GOUDALE,
94,https://media.auchan.fr/MEDIASTEP65257448_230x230/B2CD/,"Bière blonde triple 8,4%",KARMELIET,
95,https://media.auchan.fr/MEDIASTEP92642705_230x230/B2CD/,"Bière blanche 4,5% bouteille",TERRE DE BIERES,
96,https://media.auchan.fr/MEDIASTEP162667650_230x230/B2CD/,"Bière blonde bio triple Sylvanus 8,3%",BRASSERIE MONT BLANC,
97,https://media.auchan.fr/MEDIASTEP157684804_230x230/B2CD/,Bière ambrée 8.4%,KWAK,
98,https://media.auchan.fr/MEDIASTEP77419432_230x230/B2CD/,"Bière belge artisanale Kriek 3,5% bouteille",LINDEMANS,
99,https://media.auchan.fr/MEDIASTEP142689515_230x230/B2CD/,"Boisson pétillante alcoolisée 4,5% framboise hibiscus citron vert boîte",BEWIZ,
100,https://media.auchan.fr/MEDIASTEP85570071_230x230/B2CD/,"Bière blonde triple 8,5% bouteille",LUPULUS,
101,https://media.auchan.fr/MEDIASTEP139198606_230x230/B2CD/,"Bière blanche Weissbier  5,3% bouteille",ERDINGER,
102,https://media.auchan.fr/MEDIASTEP69765833_230x230/B2CD/,Bière blonde belge triple 11%,KASTEEL,
103,https://media.auchan.fr/MEDIASTEP158713491_230x230/B2CD/,Bière origine aromatisée au jus de cerise 7.5% bouteilles,SLASH,
104,https://media.auchan.fr/MEDIASTEP57977810_230x230/B2CD/,"Bière blonde artisanale 7,5%",LA CHOULETTE,
105,https://media.auchan.fr/MEDIASTEP72100062_230x230/B2CD/,"Bière belge artisanale lambic Kriek 3,5%",LINDEMANS,
106,https://media.auchan.fr/MEDIASTEP67410464_230x230/B2CD/,"Bière blonde bio sans gluten 4,5% bouteilles",JADE,
107,https://media.auchan.fr/MEDIASTEP66806484_230x230/B2CD/,"Bière ambrée à l'ancienne 7,2%",LA GOUDALE,
108,https://media.auchan.fr/MEDIASTEP92642703_230x230/B2CD/,Bière rousse 5% bouteille,TERRE DE BIERES,
109,https://media.auchan.fr/MEDIASTEP106866723_230x230/B2CD/,"Coffret bière blonde 8,4%",KARMELIET,
110,https://media.auchan.fr/MEDIASTEP73797918_230x230/B2CD/,"Bière blonde des Flandres 8,5% bouteilles",3 MONTS,
111,https://media.auchan.fr/MEDIASTEP138310398_230x230/B2CD/,Bière triple hop 9.5% bouteille,DUVEL,
112,https://media.auchan.fr/MEDIASTEP162667649_230x230/B2CD/,"Bière blonde bio Sylvanus 6,9%",BRASSERIE MONT BLANC,
113,https://media.auchan.fr/MEDIASTEP137799362_230x230/B2CD/,"Bière lambic Faro aromatisée 4,5% bouteille",LINDEMANS,
114,https://media.auchan.fr/MEDIASTEP59250389_230x230/B2CD/,Bière de Noël ambrée 6.6%,LEFFE,
115,https://media.auchan.fr/MEDIASTEP163330347_230x230/B2CD/,Bière Belge blonde 8.5%,VICTORIA,
116,https://media.auchan.fr/MEDIASTEP161565949_230x230/B2CD/,Bière blonde belge Tremens 8.5%,DELIRIUM,
117,https://media.auchan.fr/MEDIASTEP65706625_230x230/B2CD/,"Bière blonde bio 4,5% bouteilles",JADE,
118,https://media.auchan.fr/MEDIASTEP157103263_230x230/B2CD/,"Bière Punk IPA 5,4% bouteille",BREWDOG,
119,https://media.auchan.fr/MEDIASTEP134356763_230x230/B2CD/,"Bière blonde triple 8,4% bouteilles",KARMELIET,
120,https://media.auchan.fr/MEDIASTEP84341413_230x230/B2CD/,Bière Grande Réserve triple 9.5% bouteille,3 MONTS,
121,https://media.auchan.fr/MEDIASTEP106850473_230x230/B2CD/,"Coffret hiver bière blonde et fruits rouges 8,5% bouteilles",RINCE COCHON,
122,https://media.auchan.fr/MEDIASTEP161958776_230x230/B2CD/,"Bière blonde 6,7%",GRIMBERGEN,
123,https://media.auchan.fr/MEDIASTEP105961235_230x230/B2CD/,Bière blonde de caractère 9%,LA CERVOISE DES ANCETRES,
124,https://media.auchan.fr/MEDIASTEP161672310_230x230/B2CD/,Bière blonde 3 grains 7%,L'ANGELUS,
125,https://media.auchan.fr/MEDIASTEP137800386_230x230/B2CD/,"Bière brune Stout bio 5,50% bouteille",VEZELAY,
126,https://media.auchan.fr/MEDIASTEP66053853_230x230/B2CD/,"Bière ambrée à l'ancienne 7,2% bouteille",LA GOUDALE,
127,https://media.auchan.fr/MEDIASTEP106866700_230x230/B2CD/,"Bière blonde coffret dégustation 7,2% bouteille",LA GOUDALE,
128,https://media.auchan.fr/MEDIASTEP106850753_230x230/B2CD/,Bière blonde triple Belge 10% bouteille,MAREDSOUS,
129,https://media.auchan.fr/MEDIASTEP105961232_230x230/B2CD/,"Bière rouge 7,5%",RINCE COCHON,
130,https://media.auchan.fr/MEDIASTEP138002731_230x230/B2CD/,Bière blonde tradition d'alsace 6% verre consigné,FISCHER,
131,https://media.auchan.fr/MEDIASTEP64271957_230x230/B2CD/,Bière black 6% bouteilles,LICORNE,
132,https://media.auchan.fr/MEDIASTEP72430284_230x230/B2CD/,"Bière blonde 8,5%",RINCE COCHON,
133,https://media.auchan.fr/MEDIASTEP57431930_230x230/B2CD/,Bière blonde triple d'abbaye 10%,PAIX DIEU,
134,https://media.auchan.fr/MEDIASTEP158713815_230x230/B2CD/,Bière blonde bio 4.7% boîte,LICORNE,
135,https://media.auchan.fr/MEDIASTEP105961233_230x230/B2CD/,Bière blonde forte 9% bouteille,BIERE DU CORBEAU,
136,https://media.auchan.fr/MEDIASTEP105961528_230x230/B2CD/,Bière blonde 7% boîte,CUVEE DES TROLLS,
137,https://media.auchan.fr/MEDIASTEP154899072_230x230/B2CD/,Bière blonde Cinq Cents 8%,CHIMAY,
138,https://media.auchan.fr/MEDIASTEP161677985_230x230/B2CD/,Bière blonde triple 7%,L'ANGELUS,
139,https://media.auchan.fr/MEDIASTEP154988518_230x230/B2CD/,"Bière blonde bio lager artisanale 4,5% bouteille",MASCARET,
140,https://media.auchan.fr/MEDIASTEP135968663_230x230/B2CD/,"Bière blonde des Flandres 6,5%",LA FIERE,
141,https://media.auchan.fr/MEDIASTEP80100172_230x230/B2CD/,"Bière blonde Elsass 5,5% bouteilles",LICORNE,
142,https://media.auchan.fr/MEDIASTEP67390353_230x230/B2CD/,"Bière blonde 5,7% bouteille",LEVRETTE,
143,https://media.auchan.fr/MEDIASTEP157312123_230x230/B2CD/,Bière ambrée Blue Collar 5% bouteille,POLAR MONKEYS,
144,https://media.auchan.fr/MEDIASTEP106866699_230x230/B2CD/,"Bière de Noël ambrée 7,2%",LA GOUDALE,
145,https://media.auchan.fr/MEDIASTEP129488968_230x230/B2CD/,Bière ambrée Barley Wine 12% bouteille,BIERE DU DEMON,
146,https://media.auchan.fr/MEDIASTEP162044244_230x230/B2CD/,"Bière ambrée 6,5% bouteilles",GRIMBERGEN,
147,https://media.auchan.fr/MEDIASTEP57431946_230x230/B2CD/,Bière blonde triple 8% bouteille,CHIMAY,
148,https://media.auchan.fr/MEDIASTEP157311395_230x230/B2CD/,Bière blonde IPA signature 6% bouteille,CH'TI,
149,https://media.auchan.fr/MEDIASTEP77533695_230x230/B2CD/,"Bière belge artisanale aromatisée framboise 2,5%",LINDEMANS,
150,https://media.auchan.fr/MEDIASTEP132236017_230x230/B2CD/,"Bière blonde corse bio sans gluten 5,5% bouteille",PIETRA,
151,https://media.auchan.fr/MEDIASTEP157311940_230x230/B2CD/,Bière blonde 6.6% bouteilles,LEFFE,
152,https://media.auchan.fr/MEDIASTEP65940427_230x230/B2CD/,Bière blonde triple 9% bouteille,LA CERVOISE DES ANCETRES,
153,https://media.auchan.fr/MEDIASTEP110225238_230x230/B2CD/,"Bière blonde aux 3 houblons alsacien 7,2% boîte",FISCHER,
154,https://media.auchan.fr/MEDIASTEP71781443_230x230/B2CD/,Bière blonde India Pale Ale 6% bouteille,GALLIA,
155,https://media.auchan.fr/MEDIASTEP162687060_230x230/B2CD/,"Bière brune extra strong 7,5% bouteille",GUINNESS,
156,https://media.auchan.fr/MEDIASTEP128289530_230x230/B2CD/,"Bière blonde belge 7,5%",ST FEUILLIEN,
157,https://media.auchan.fr/MEDIASTEP137801929_230x230/B2CD/,"Coffret bière blonde 8,5%",DELIRIUM,
158,https://media.auchan.fr/MEDIASTEP72505755_230x230/B2CD/,"Bière rouge 7,5% boîte",RINCE COCHON,
159,https://media.auchan.fr/MEDIASTEP109459589_230x230/B2CD/,"Bière blonde 6,2% bouteille",KEKETTE,
160,https://media.auchan.fr/MEDIASTEP82205165_230x230/B2CD/,"Bière brune 6,5%",LEFFE,
161,https://media.auchan.fr/MEDIASTEP69528871_230x230/B2CD/,"Bière blonde session IPA 4,7% bouteille",GALLIA,
162,https://media.auchan.fr/MEDIASTEP57431841_230x230/B2CD/,Bière brune belge 11% bouteille,KASTEEL,
163,https://media.auchan.fr/MEDIASTEP79640978_230x230/B2CD/,"Bière de garde ambrée 7,5% boîte",JENLAIN,
164,https://media.auchan.fr/MEDIASTEP139200242_230x230/B2CD/,"Bière ambrée 8,4% bouteilles",KWAK,
165,https://media.auchan.fr/MEDIASTEP104202144_230x230/B2CD/,Bière blonde 7%,LA RAOUL,
166,https://media.auchan.fr/MEDIASTEP137217119_230x230/B2CD/,"Coffret bières blonde, brune et triple 8% bouteilles",MAREDSOUS,
167,https://media.auchan.fr/MEDIASTEP157312051_230x230/B2CD/,Bière Chairman IPA 6% bouteille,POLAR MONKEYS,
168,https://media.auchan.fr/MEDIASTEP82500965_230x230/B2CD/,"Bière blonde des Flandres bio 6,5%",3 MONTS,
169,https://media.auchan.fr/MEDIASTEP79641054_230x230/B2CD/,Bière ambrée corse à la châtaigne 6% bouteille,PIETRA,
170,https://media.auchan.fr/MEDIASTEP106850477_230x230/B2CD/,"Bière blonde des Flandres 8,5% bouteille",3 MONTS,
171,https://media.auchan.fr/MEDIASTEP106850472_230x230/B2CD/,"Bière rouge 7,5% bouteille",RINCE COCHON,
172,https://media.auchan.fr/MEDIASTEP73875595_230x230/B2CD/,Bière Kriek Foudroyante 4% bouteille,LINDEMANS,
173,https://media.auchan.fr/MEDIASTEP106850750_230x230/B2CD/,"Bière lambic gueuze acidulée et fruitée 4,5% bouteille",MORT SUBITE,
174,https://media.auchan.fr/MEDIASTEP59894738_230x230/B2CD/,"Bière blonde IPA 7,2% bouteille",DE VELDEN,
175,https://media.auchan.fr/MEDIASTEP105961533_230x230/B2CD/,"Bière blonde triple trappiste 9,5% bouteille",WESTMALLE,
176,https://media.auchan.fr/MEDIASTEP99335785_230x230/B2CD/,"Bière blonde de Flandre 8,5%",3 MONTS,
177,https://media.auchan.fr/MEDIASTEP137539908_230x230/B2CD/,Bière blanche bio IPA 5% bouteille,VEZELAY,
178,https://media.auchan.fr/MEDIASTEP110225720_230x230/B2CD/,"Bière blonde grand cru bio 5,2%",MASCARET,
179,https://media.auchan.fr/MEDIASTEP88588989_230x230/B2CD/,"Bière de garde ambrée 7,5% bouteille",JENLAIN,
180,https://media.auchan.fr/MEDIASTEP57431739_230x230/B2CD/,"Bière blonde de garde grand cru 8,5%",CASTELAIN,
181,https://media.auchan.fr/MEDIASTEP106866703_230x230/B2CD/,"Rince Cochon Bière fruits rouges coffret 7,5% bouteilles 3x33cl + 1 verre",RINCE COCHON,
182,https://media.auchan.fr/MEDIASTEP136045061_230x230/B2CD/,Bière blonde triple d'abbaye 10% bouteille,PAIX DIEU,
183,https://media.auchan.fr/MEDIASTEP58649161_230x230/B2CD/,"Bière blonde belge triple 8,5% bouteille",ST FEUILLIEN,
184,https://media.auchan.fr/MEDIASTEP66147827_230x230/B2CD/,"Bière aux fruits 3,8% bouteille",LIEFMANS,
185,https://media.auchan.fr/MEDIASTEP65767061_230x230/B2CD/,Bière blonde belge trappiste 10% bouteille,ROCHEFORT,
186,https://media.auchan.fr/MEDIASTEP122648226_230x230/B2CD/,Bière brune Première 7%,CHIMAY,
187,https://media.auchan.fr/MEDIASTEP69450736_230x230/B2CD/,Bière brune grande réserve étiquette bleue 9%,CHIMAY,
188,https://media.auchan.fr/MEDIASTEP57431675_230x230/B2CD/,Bière rouge belge 8% bouteille,KASTEEL,
189,https://media.auchan.fr/MEDIASTEP85295227_230x230/B2CD/,Bière blonde bio 5% bouteilles,LICORNE,
190,https://media.auchan.fr/MEDIASTEP137551866_230x230/B2CD/,"Bière blonde bio 4,6% bouteille",VEZELAY,
191,https://media.auchan.fr/MEDIASTEP80113090_230x230/B2CD/,Bière brune West Indies 6% bouteille,GUINNESS,
192,https://media.auchan.fr/MEDIASTEP66806486_230x230/B2CD/,"Bière blonde La G grand cru 7,9% bouteille",LA GOUDALE,
193,https://media.auchan.fr/MEDIASTEP77419434_230x230/B2CD/,Bière brune belge 10%,ST BERNARDUS,
194,https://media.auchan.fr/MEDIASTEP92111323_230x230/B2CD/,Bière blonde artisanale de saison 6%,ANOSTEKE,
195,https://media.auchan.fr/MEDIASTEP63053751_230x230/B2CD/,Coffret bières blonde 8.5%,DUVEL,
196,https://media.auchan.fr/MEDIASTEP168216667_230x230/B2CD/,Bière kriek lambic aromatisée cerise 4% bouteille,MORT SUBITE,
197,https://media.auchan.fr/MEDIASTEP106850747_230x230/B2CD/,Bière lambic belge aromatisée cerise 4%,MORT SUBITE,
198,https://media.auchan.fr/MEDIASTEP57431788_230x230/B2CD/,Bière blonde belge 11% bouteille,KASTEEL,
199,https://media.auchan.fr/MEDIASTEP111265653_230x230/B2CD/,"Bière blonde artisanale bio lager 4,5%",MASCARET,
200,https://media.auchan.fr/MEDIASTEP63425336_230x230/B2CD/,Bière Ruby aromatisée fruits rouges 5% bouteilles,LEFFE,
201,https://media.auchan.fr/MEDIASTEP105961529_230x230/B2CD/,Bière blonde 7%,CUVEE DES TROLLS,
202,https://media.auchan.fr/MEDIASTEP73797903_230x230/B2CD/,Bière blonde forte 9% boîte,BIERE DU CORBEAU,
203,https://media.auchan.fr/MEDIASTEP105961527_230x230/B2CD/,Bière blonde 7% bouteille,CUVEE DES TROLLS,
204,https://media.auchan.fr/MEDIASTEP168586299_230x230/B2CD/,Bière ambrée de Noël non filtrée 9.5%,JENLAIN,
205,https://media.auchan.fr/MEDIASTEP139419195_230x230/B2CD/,"Bière blonde portugaise 6,5% bouteilles",SAGRES,
206,https://media.auchan.fr/MEDIASTEP92859572_230x230/B2CD/,"Bière blonde Wendelinus 6,8% bouteilles",METEOR,
207,https://media.auchan.fr/MEDIASTEP157200059_230x230/B2CD/,"Bière IPA 6,2% boîte",METEOR,
208,https://media.auchan.fr/MEDIASTEP106866730_230x230/B2CD/,Coffret bière blonde 7% bouteilles,CUVEE DES TROLLS,
209,https://media.auchan.fr/MEDIASTEP129871645_230x230/B2CD/,"Bière blonde de garde 6,4% bouteille",CH'TI,
210,https://media.auchan.fr/MEDIASTEP68310130_230x230/B2CD/,Bière blonde artisanale IPA 6%,ANOSTEKE,
211,https://media.auchan.fr/MEDIASTEP105961231_230x230/B2CD/,"Bière blonde 8,5% bouteille",RINCE COCHON,
212,https://media.auchan.fr/MEDIASTEP76403165_230x230/B2CD/,"Bière blonde réserve Hildegarde 6,9%",PAGE 24,
213,https://media.auchan.fr/MEDIASTEP66892336_230x230/B2CD/,"Bière ambrée 6,5% bouteille",LA GUEULE DE BLOIS,
214,https://media.auchan.fr/CLDRIVE91500352_230x230/B2CD/,Brasserie val de drome markus Bière blonde triple 9% 75cl,BRASSERIE VAL DE DROME MARKUS,
215,https://media.auchan.fr/MEDIASTEP57975627_230x230/B2CD/,Coffret bières dégustation aromatisées,FOUDROYANTE,
216,https://media.auchan.fr/MEDIASTEP72040623_230x230/B2CD/,"Bière blonde Belge 10,5% bouteille",BUSH,
217,https://media.auchan.fr/MEDIASTEP61906398_230x230/B2CD/,"Bière blonde aromatisée Elvis Juice 6,5% bouteille",BREWDOG,
218,https://media.auchan.fr/MEDIASTEP107679021_230x230/B2CD/,Bière blanche 5%,LA GUEULE DE BLOIS,
219,https://media.auchan.fr/MEDIASTEP122649139_230x230/B2CD/,Bière du Comté blanche 5% bouteille,MOUNTA CALA,
220,https://media.auchan.fr/MEDIASTEP58149885_230x230/B2CD/,,,
221,https://media.auchan.fr/MEDIASTEP160980317_230x230/B2CD/,Bière brune 9% bouteille,CHIMAY,
222,https://media.auchan.fr/CLDRIVE91500266_230x230/B2CD/,"Brasserie val de drome markus Bière blanche 4,7% 75cl",BRASSERIE VAL DE DROME MARKUS,
223,https://media.auchan.fr/MEDIASTEP161356503_230x230/B2CD/,"Bière blonde artisanale des Flandres bio 6,2%",MOULINS D'ASCQ,
224,https://media.auchan.fr/MEDIASTEP58889343_230x230/B2CD/,"Bière blonde de garde 6,4% boîte",CH'TI,
225,https://media.auchan.fr/MEDIASTEP106642601_230x230/B2CD/,Bière lambic Faro Foudroyante 4% bouteille,LINDEMANS,
226,https://media.auchan.fr/MEDIASTEP73875596_230x230/B2CD/,"Bière blonde 6,6%",QUEUE DE CHARRUE,
227,https://media.auchan.fr/MEDIASTEP137802026_230x230/B2CD/,Bière de Noël ambrée extra 7%,BELLEROSE,
228,https://media.auchan.fr/MEDIASTEP84115809_230x230/B2CD/,"Bière blonde belge Tremens 8,5% fût pression",DELIRIUM,
229,https://media.auchan.fr/MEDIASTEP155287708_230x230/B2CD/,Bière ambrée de Vallière 5% bouteille,BRASSERIE DES 3 PHARES,
230,https://media.auchan.fr/MEDIASTEP57428754_230x230/B2CD/,"Bière blonde bio 4,5%",JADE,
231,https://media.auchan.fr/MEDIASTEP103794986_230x230/B2CD/,,,
232,https://media.auchan.fr/MEDIASTEP150815837_230x230/B2CD/,Bière ambrée 7% bouteille,CHIMAY,
233,https://media.auchan.fr/MEDIASTEP85295172_230x230/B2CD/,"Bière blonde Little Sumpin 7,5% bouteille",LAGUNITAS,
234,https://media.auchan.fr/MEDIASTEP92544368_230x230/B2CD/,"Bière ambrée aromatisée pêche miel 8,5% bouteille",BUSH,
235,https://media.auchan.fr/CLDRIVE91500267_230x230/B2CD/,Brasserie val de drome markus Bière blonde 5% bouteille 75cl,BRASSERIE VAL DE DROME MARKUS,
236,https://media.auchan.fr/CLDRIVE91500264_230x230/B2CD/,"Brasserie val de drome markus Bière ambrée 5,8% bouteille 33cl",BRASSERIE VAL DE DROME MARKUS,
237,https://media.auchan.fr/MEDIASTEP103794985_230x230/B2CD/,,,
238,https://media.auchan.fr/MEDIASTEP82431477_230x230/B2CD/,,,
239,https://media.auchan.fr/MEDIASTEP71359313_230x230/B2CD/,"Bière blanche de caractère 5,2% bouteille",LA BÊTE,
240,https://media.auchan.fr/MEDIASTEP106850474_230x230/B2CD/,Corbeau Coffret bière blonde dégustation 9% 2x75cl + 1 verre,CORBEAU,
241,https://media.auchan.fr/MEDIASTEP73875593_230x230/B2CD/,"Bière gueuze aromatisée 4,5% bouteille",LINDEMANS,
242,https://media.auchan.fr/MEDIASTEP92642706_230x230/B2CD/,"Bière blonde IPA 5,5% bouteille",TERRE DE BIERES,
243,https://media.auchan.fr/MEDIASTEP88388828_230x230/B2CD/,"Bière blonde pale ale 5,5%",GRIMBERGEN,
244,https://media.auchan.fr/MEDIASTEP77643309_230x230/B2CD/,"Bière ambrée belge 8,4%",KWAK,
245,https://media.auchan.fr/MEDIASTEP73625072_230x230/B2CD/,"Bière blonde triple trappiste 9,5%",WESTMALLE,
246,https://media.auchan.fr/MEDIASTEP87438912_230x230/B2CD/,Bière corse IPA Corsican 6% bouteille,PIETRA,
247,https://media.auchan.fr/MEDIASTEP166402890_230x230/B2CD/,Bière blonde bio Mounta Cala 5% boîte,BIERE DU COMTE,
248,https://media.auchan.fr/MEDIASTEP155287709_230x230/B2CD/,"Bière blonde IPA de l'Estuaire 5,5% bouteille",BRASSERIE DES 3 PHARES,
249,https://media.auchan.fr/MEDIASTEP137800869_230x230/B2CD/,,,
250,https://media.auchan.fr/MEDIASTEP141601769_230x230/B2CD/,Bière blonde IPA 7.2% boîte,GOUDALE,
251,https://media.auchan.fr/MEDIASTEP80699001_230x230/B2CD/,"Bière ambrée belge 8,4% bouteille",KWAK,
252,https://media.auchan.fr/CLDRIVE91500369_230x230/B2CD/,Brasserie du mont blanc Coffret trio bières blonde ambrée blanche 3x75cl,BRASSERIE MONT BLANC,
253,https://media.auchan.fr/MEDIASTEP110225790_230x230/B2CD/,"Duvel bière 8,5° -1,5l magnum",DUVEL,
254,https://media.auchan.fr/CLDRIVE91500268_230x230/B2CD/,"Brasserie val de drome markus Bière ambrée 5,8% 75cl",BRASSERIE VAL DE DROME MARKUS,
255,https://media.auchan.fr/MEDIASTEP127847887_230x230/B2CD/,"Bière blonde triple 8,5% bouteilles",LEFFE,
256,https://media.auchan.fr/MEDIASTEP127847888_230x230/B2CD/,Bière blonde Rituel 9% bouteilles,LEFFE,
257,https://media.auchan.fr/MEDIASTEP110225083_230x230/B2CD/,Bière blonde daytime session IPA de Californie 4% bouteille,LAGUNITAS,
258,https://media.auchan.fr/MEDIASTEP161556106_230x230/B2CD/,"Bière blonde belge 7,5%",HOMMELBIER,
259,https://media.auchan.fr/MEDIASTEP162664724_230x230/B2CD/,Bière blonde bio nature 5% bouteille,PERLE,
260,https://media.auchan.fr/MEDIASTEP57977748_230x230/B2CD/,"Bière blonde triple artisanale 8,5%",LA CHOULETTE,
261,https://media.auchan.fr/MEDIASTEP59174881_230x230/B2CD/,Bière blonde triple 9%,QUEUE DE CHARRUE,
262,https://media.auchan.fr/MEDIASTEP164466731_230x230/B2CD/,"Bière blonde IPA 5,5% bouteille",VEDETT,
263,https://media.auchan.fr/MEDIASTEP57431918_230x230/B2CD/,"Bière belge artisanale aromatisée pomme 3,5% bouteille",LINDEMANS,
264,https://media.auchan.fr/MEDIASTEP77533694_230x230/B2CD/,"Bière blonde Belge Filou 8,5% bouteille",KASTEEL,
265,https://media.auchan.fr/MEDIASTEP59435764_230x230/B2CD/,Bière brune belge trappiste 12% bouteille,ST BERNARDUS,
266,https://media.auchan.fr/MEDIASTEP107679024_230x230/B2CD/,"Bière brune 6,5% bouteille",LA GUEULE DE BLOIS,
267,https://media.auchan.fr/MEDIASTEP70758728_230x230/B2CD/,"Bière blonde belge Grand Cru 9,5% bouteille",ST FEUILLIEN,
268,https://media.auchan.fr/MEDIASTEP162664723_230x230/B2CD/,"Bière blanche artisanale 4,8% bouteille",PERLE,
269,https://media.auchan.fr/MEDIASTEP66526727_230x230/B2CD/,"Bière brune classic 8,5% bouteille",CAROLUS,
270,https://media.auchan.fr/MEDIASTEP106642602_230x230/B2CD/,Bière blonde belge trappiste 8% bouteille,ROCHEFORT,
271,https://media.auchan.fr/MEDIASTEP59250753_230x230/B2CD/,Bière blonde triple 8% bouteille,KARMELIET,
272,https://media.auchan.fr/MEDIASTEP57977121_230x230/B2CD/,"Bière blonde premium 5,5%",1664,
273,https://media.auchan.fr/MEDIASTEP80802373_230x230/B2CD/,"Bière blonde oaked 8,5%",CORNET,
274,https://media.auchan.fr/MEDIASTEP105961530_230x230/B2CD/,Bière ambrée de caractère 12% bouteille,BUSH,
275,https://media.auchan.fr/MEDIASTEP105961474_230x230/B2CD/,"Bière blonde triple artisanale 7,9%",PAGE 24,
276,https://media.auchan.fr/MEDIASTEP66892335_230x230/B2CD/,Bière blonde 6%,LA GUEULE DE BLOIS,
277,https://media.auchan.fr/MEDIASTEP122649138_230x230/B2CD/,Bière blonde bio 5% bouteille,MOUNTA CALA,
278,https://media.auchan.fr/MEDIASTEP66892334_230x230/B2CD/,Bière blonde 6% bouteille,LA GUEULE DE BLOIS,
279,https://media.auchan.fr/MEDIASTEP77419436_230x230/B2CD/,Bière red aux fruits 8% bouteille,DELIRIUM,
280,https://media.auchan.fr/MEDIASTEP104547999_230x230/B2CD/,"Bière ambrée IPA de Californie 6,2% bouteille",LAGUNITAS,
281,https://media.auchan.fr/MEDIASTEP162664722_230x230/B2CD/,"Bière artisanale au moût de raisin 7,5% bouteille",PERLE,
282,https://media.auchan.fr/MEDIASTEP165196745_230x230/B2CD/,Bière blonde trappiste Quadrupel 10%,LA TRAPPE,
283,https://media.auchan.fr/MEDIASTEP168215660_230x230/B2CD/,"Bière lambic blanche Belge 5,5% bouteille",MORT SUBITE,
284,https://media.auchan.fr/MEDIASTEP133098306_230x230/B2CD/,Bière effet mer bio 5%,MASCARET,
285,https://media.auchan.fr/MEDIASTEP107679022_230x230/B2CD/,"Bière ambrée 6,5%",LA GUEULE DE BLOIS,
286,https://media.auchan.fr/MEDIASTEP166395853_230x230/B2CD/,Bière blonde Grand Cru 7.9%,GOUDALE,
287,https://media.auchan.fr/MEDIASTEP107679020_230x230/B2CD/,Bière blanche 5% bouteille,LA GUEULE DE BLOIS,
288,https://media.auchan.fr/MEDIASTEP122649140_230x230/B2CD/,Bière ambrée bio 5% bouteille,MOUNTA CALA,
289,https://media.auchan.fr/CLDRIVE91500269_230x230/B2CD/,"Brasserie val de drome markus Bière brune 6,2% 75cl",BRASSERIE VAL DE DROME MARKUS,
290,https://media.auchan.fr/MEDIASTEP135734797_230x230/B2CD/,"Bière Punk IPA 5,4% boîte",BREWDOG,
291,https://media.auchan.fr/MEDIASTEP103764977_230x230/B2CD/,Bière blonde La Pitchoune sans gluten 6% bouteille,BRASSERIE DU PEPERE,
292,https://media.auchan.fr/MEDIASTEP104758688_230x230/B2CD/,Bière à la myrtille Cul mauve 5% bouteille,BRASSERIE DU PEPERE,
293,https://media.auchan.fr/MEDIASTEP73624753_230x230/B2CD/,Coffret bières Trésor des Moines 8.36%,SECRET DES MOINES,
294,https://media.auchan.fr/MEDIASTEP161918414_230x230/B2CD/,Bière ambrée artisanale bio 6% bouteille,MASCARET,
295,https://media.auchan.fr/MEDIASTEP73556933_230x230/B2CD/,Bière blonde IPA 6%,RINCE COCHON,
296,https://media.auchan.fr/MEDIASTEP101957603_230x230/B2CD/,"Bière blonde belge de fermentation haute 8,5% bouteille",HAPKIN,
297,https://media.auchan.fr/MEDIASTEP80100174_230x230/B2CD/,"Bière blonde 5,9% bouteilles",LICORNE,
298,https://media.auchan.fr/MEDIASTEP137801949_230x230/B2CD/,"Bière blonde triple 8,5%",PASTO'RALE,
299,https://media.auchan.fr/MEDIASTEP125445096_230x230/B2CD/,Bière triple 10%,LA DOCKER,
300,https://media.auchan.fr/MEDIASTEP81168502_230x230/B2CD/,"Bière brune pur malt bio 5,5% bouteille",VEZELAY,
301,https://media.auchan.fr/MEDIASTEP161447025_230x230/B2CD/,Bière triple artisanale des Flandres bio 8%,MOULINS D'ASCQ,
302,https://media.auchan.fr/MEDIASTEP141602380_230x230/B2CD/,Bière blonde Project hop lager 5.2%,GOUDALE,
303,https://media.auchan.fr/MEDIASTEP81422632_230x230/B2CD/,,,
304,https://media.auchan.fr/MEDIASTEP66731137_230x230/B2CD/,Bière ambrée 6.6%,LEFFE,
305,https://media.auchan.fr/MEDIASTEP141137351_230x230/B2CD/,"Bière blonde pur malt bio IPA 5,4% bouteille",VEZELAY,
306,https://media.auchan.fr/MEDIASTEP79158802_230x230/B2CD/,"Bière blonde belge 8,5%",KASTEEL,
307,https://media.auchan.fr/MEDIASTEP73875594_230x230/B2CD/,"Bière kriek Foudroyante 3,5%",LINDEMANS,
308,https://media.auchan.fr/MEDIASTEP85346823_230x230/B2CD/,"Bière blonde belge triple 8,5%",ST FEUILLIEN,
309,https://media.auchan.fr/MEDIASTEP61854959_230x230/B2CD/,"Bière blonde 6,2%",KEKETTE,
310,https://media.auchan.fr/MEDIASTEP125440539_230x230/B2CD/,Bière blonde 6%,LA DOCKER,
311,https://media.auchan.fr/MEDIASTEP60538875_230x230/B2CD/,"Bière blonde d'abbaye 6,6%",DE VELDEN,
312,https://media.auchan.fr/MEDIASTEP134398740_230x230/B2CD/,"Bière blonde lager 5,2% bouteille",BROOKLYN,
313,https://media.auchan.fr/MEDIASTEP77418891_230x230/B2CD/,"Bière blonde belge 7,5% bouteille",CORSENDONK,
314,https://media.auchan.fr/MEDIASTEP59105980_230x230/B2CD/,Bière blonde triple 9% bouteille,QUEUE DE CHARRUE,
315,https://media.auchan.fr/MEDIASTEP88388964_230x230/B2CD/,"Bière brune trappiste 6,5% bouteille",WESTMALLE,
316,https://media.auchan.fr/MEDIASTEP79641055_230x230/B2CD/,Bière ambrée corse à la châtaigne 6%,PIETRA,
317,https://media.auchan.fr/MEDIASTEP64272642_230x230/B2CD/,"Bière belge artisanale lambic Faro 4,5%",LINDEMANS,
318,https://media.auchan.fr/MEDIASTEP57977807_230x230/B2CD/,Bière ambrée artisanale tradition 9%,LA CHOULETTE,
319,https://media.auchan.fr/MEDIASTEP57432019_230x230/B2CD/,"Bière blonde 6,6% bouteille",QUEUE DE CHARRUE,
320,https://media.auchan.fr/MEDIASTEP149568265_230x230/B2CD/,"Bière blonde artisanale grand cru bio 5,2% bouteille",MASCARET,
321,https://media.auchan.fr/CLDRIVE91500265_230x230/B2CD/,"Brasserie val de drome markus Bière brune 6,2% bouteille 33cl",BRASSERIE VAL DE DROME MARKUS,
322,https://media.auchan.fr/MEDIASTEP85295340_230x230/B2CD/,"Bière blonde triple 8,5%",LUPULUS,
323,https://media.auchan.fr/MEDIASTEP107678998_230x230/B2CD/,Rince Cochon Bière blonde coffret 8.5% bouteilles 3x33cl + 1 verre,RINCE COCHON,
324,https://media.auchan.fr/MEDIASTEP155287707_230x230/B2CD/,Bière blanche de la Courbe 5% bouteille,BRASSERIE DES 3 PHARES,
325,https://media.auchan.fr/CLDRIVE91500323_230x230/B2CD/,"Brasserie du mont blanc Bière verte au genepi 5,9% bouteilles 3x33cl",BRASSERIE MONT BLANC,
326,https://media.auchan.fr/MEDIASTEP83495711_230x230/B2CD/,Bière blonde triple 9% bouteille,CAROLUS,
327,https://media.auchan.fr/MEDIASTEP72505754_230x230/B2CD/,"Bière blonde 8,5% boîte",RINCE COCHON,
328,https://media.auchan.fr/MEDIASTEP155135374_230x230/B2CD/,"Bière blonde 8,5% bouteille",DUVEL,
329,https://media.auchan.fr/MEDIASTEP76248798_230x230/B2CD/,Bière blonde artisanale du pays Flamand 8% bouteille,ANOSTEKE,
330,https://media.auchan.fr/MEDIASTEP70867030_230x230/B2CD/,Bière blonde belge triple 8% bouteille,ST BERNARDUS,
331,https://media.auchan.fr/MEDIASTEP73875590_230x230/B2CD/,Bière blonde allemande 11% bouteille,EKU 28,
332,https://media.auchan.fr/MEDIASTEP114486772_230x230/B2CD/,"Bière blonde dorée 4,8% bouteille",CHIMAY,
333,https://media.auchan.fr/CLDRIVE91500363_230x230/B2CD/,Brasseurs savoyards Bière brune artisanale bio 5% bouteilles 3x33cl,BRASSEURS SAVOYARDS,
334,https://media.auchan.fr/MEDIASTEP103764968_230x230/B2CD/,Bière cerise gingembre Cul rouge 5% bouteille,BRASSERIE DU PEPERE,
335,https://media.auchan.fr/MEDIASTEP96647354_230x230/B2CD/,,,
336,https://media.auchan.fr/MEDIASTEP158713287_230x230/B2CD/,Bière blonde ale bio 5.5%,METEOR,
337,https://media.auchan.fr/MEDIASTEP63053369_230x230/B2CD/,Coffret bières blondes triple 8% bouteilles,SECRET DES MOINES,
338,https://media.auchan.fr/MEDIASTEP105961258_230x230/B2CD/,"Bière blonde des Flandres bio 6,5% bouteille",3 MONTS,
339,https://media.auchan.fr/MEDIASTEP162664720_230x230/B2CD/,"Bière blonde de Noël 6,8% bouteilles",PERLE,
340,https://media.auchan.fr/MEDIASTEP62909188_230x230/B2CD/,Bière black 6% boîte,LICORNE,
341,https://media.auchan.fr/MEDIASTEP61854957_230x230/B2CD/,"Bière aromatisée cherry 3,5% bouteille",LEVRETTE,
342,https://media.auchan.fr/CLDRIVE91500321_230x230/B2CD/,"Brasserie du mont blanc Bière blonde 5,8% bouteilles 3x33cl",BRASSERIE MONT BLANC,
343,https://media.auchan.fr/MEDIASTEP58935779_230x230/B2CD/,"Bière ambrée 5,9% bouteille",CH'TI,
344,https://media.auchan.fr/CLDRIVE91500324_230x230/B2CD/,"Brasserie du mont blanc Bière rousse 6,5% bouteilles 3x33cl",BRASSERIE MONT BLANC,
345,https://media.auchan.fr/MEDIASTEP137799384_230x230/B2CD/,"Bière blonde Indie Pale Ale 4,2% bouteille",BREWDOG,
346,https://media.auchan.fr/MEDIASTEP69519267_230x230/B2CD/,"Bière aromatisée cherry 3,5%",LEVRETTE,
347,https://media.auchan.fr/MEDIASTEP93286923_230x230/B2CD/,"Bière blonde Clockwork Tangerine 4,5% bouteille",BREWDOG,
348,https://media.auchan.fr/CLDRIVE91500262_230x230/B2CD/,"Brasserie val de drome markus Bière blanche 4,7% bouteille 33cl",BRASSERIE VAL DE DROME MARKUS,
349,https://media.auchan.fr/MEDIASTEP162664725_230x230/B2CD/,Bière DIPA bio 8% bouteille,PERLE,
350,https://media.auchan.fr/MEDIASTEP111314199_230x230/B2CD/,Bière blonde 5% bouteilles,HEINEKEN,
351,https://media.auchan.fr/MEDIASTEP68096274_230x230/B2CD/,Bière blonde artisanale des Flandres 8% bouteille,ANOSTEKE,
352,https://media.auchan.fr/MEDIASTEP107679023_230x230/B2CD/,,,
353,https://media.auchan.fr/MEDIASTEP72040611_230x230/B2CD/,"Bière blonde belge 7,5%",CORSENDONK,
354,https://media.auchan.fr/MEDIASTEP66147825_230x230/B2CD/,Bière blonde triple Belge 10%,MAREDSOUS,
355,https://media.auchan.fr/MEDIASTEP137014417_230x230/B2CD/,Bière blonde artisanale bio IPA 6% bouteille,MASCARET,
356,https://media.auchan.fr/MEDIASTEP61417445_230x230/B2CD/,"Bière blonde 6,5% bouteille",BELLEROSE,
357,https://media.auchan.fr/MEDIASTEP68310173_230x230/B2CD/,"Bière blonde lager 5,2% bouteille",BROOKLYN,
358,https://media.auchan.fr/MEDIASTEP105961524_230x230/B2CD/,"Bière artisanale bio blonde sans gluten 6,5% bouteille",BRUNEHAUT,
359,https://media.auchan.fr/MEDIASTEP82325798_230x230/B2CD/,Bière blonde triple 9%,CAROLUS,
360,https://media.auchan.fr/MEDIASTEP57431706_230x230/B2CD/,"Bière blonde de garde 6,4% bouteilles",CH'TI,
361,https://media.auchan.fr/MEDIASTEP65167972_230x230/B2CD/,"La goudale Bière blonde à l'ancienne 7,2% bouteilles 12x25cl",GOUDALE,
362,https://media.auchan.fr/MEDIASTEP80712541_230x230/B2CD/,Bière blonde cuivrée haute fermentation 8%,GRAIN D'ORGE,
363,https://media.auchan.fr/MEDIASTEP85346802_230x230/B2CD/,Bière blonde bio sans alcool bouteilles,JADE,
364,https://media.auchan.fr/MEDIASTEP79984827_230x230/B2CD/,"Bière de garde blonde 6,8% bouteilles",JENLAIN,
365,https://media.auchan.fr/MEDIASTEP137800994_230x230/B2CD/,"Bière blonde belge 5,2% bouteille",LA BOUFONNE,
366,https://media.auchan.fr/MEDIASTEP101957678_230x230/B2CD/,La Trappe bière quadrupel 10° -33cl,LA TRAPPE,
367,https://media.auchan.fr/MEDIASTEP111265651_230x230/B2CD/,Bière blonde triple artisanale bio coefficient 119 8%,MASCARET,
368,https://media.auchan.fr/MEDIASTEP107679025_230x230/B2CD/,,,
369,https://media.auchan.fr/MEDIASTEP60716707_230x230/B2CD/,,,
370,https://media.auchan.fr/MEDIASTEP106850755_230x230/B2CD/,Westmalle bière coffret 8° -2x33cl +1verre,WESTMALLE,
371,https://media.auchan.fr/MEDIASTEP71210802_230x230/B2CD/,"Le fut sarladais Bière blanche artisanale du Périgord 5,5% 75cl",LE FUT SARLADAIS,
372,https://media.auchan.fr/MEDIASTEP81873066_230x230/B2CD/,"Bière ambrée bio 4,5% bouteilles",JADE,
373,https://media.auchan.fr/MEDIASTEP79990451_230x230/B2CD/,"Bière de garde ambrée 7,5% bouteilles",JENLAIN,
374,https://media.auchan.fr/MEDIASTEP57977646_230x230/B2CD/,Bière brune belge 8% bouteille,LA CHOUFFE,
375,https://media.auchan.fr/MEDIASTEP57431792_230x230/B2CD/,Bière brune d'abbaye 8% bouteille,MAREDSOUS,
376,https://media.auchan.fr/MEDIASTEP111265654_230x230/B2CD/,Bière ambrée artisanale bio 6%,MASCARET,
377,https://media.auchan.fr/MEDIASTEP149568581_230x230/B2CD/,Bière brune artisanale bio 7%,MASCARET,
378,https://media.auchan.fr/MEDIASTEP63425125_230x230/B2CD/,Secret des Moines bière triple brune 8° -33cl,SECRET DES MOINES,
379,https://media.auchan.fr/MEDIASTEP81168507_230x230/B2CD/,"Bière ambrée pur malt bio 5,6% bouteille",VEZELAY,
380,https://media.auchan.fr/MEDIASTEP120547103_230x230/B2CD/,Bière cuvée d'hiver 8%,ANOSTEKE,
381,https://media.auchan.fr/MEDIASTEP105961525_230x230/B2CD/,"Bière artisanale bio ambrée sans gluten 6,5% bouteille",BRUNEHAUT,
382,https://media.auchan.fr/MEDIASTEP68465421_230x230/B2CD/,Ducasse Bière ambrée triple artisanale du Nord 9% bouteille 33cl,DUCASSE,
383,https://media.auchan.fr/MEDIASTEP68310156_230x230/B2CD/,"Guinness Bière ambrée Hop House lager 13,5% bouteille 33cl",GUINNESS,
384,https://media.auchan.fr/MEDIASTEP85984021_230x230/B2CD/,Bière ambrée corse à la châtaigne 6% bouteilles,PIETRA,
385,https://media.auchan.fr/MEDIASTEP132340493_230x230/B2CD/,"Bière ambrée 5,5% bouteille",QUEUE DE CHARRUE,
386,https://media.auchan.fr/MEDIASTEP107979013_230x230/B2CD/,"Tête de Mule Bière ambrée 6,5% bouteille 33cl",TETE DE MULE,
387,https://media.auchan.fr/MEDIASTEP154985562_230x230/B2CD/,"Bière blonde au malt des highlands 6,2% bouteille",WEL SCOTCH,
388,https://media.auchan.fr/MEDIASTEP59105709_230x230/B2CD/,"Bière blanche 4,5% bouteille",BELZEBUTH,
389,https://media.auchan.fr/MEDIASTEP129052748_230x230/B2CD/,"Bière blanche 6,5% bouteille",LA CHOUFFE,
390,https://media.auchan.fr/MEDIASTEP77533691_230x230/B2CD/,Brewdog Bière red ale Five AM 5% bouteille 33cl,BREWDOG,
391,https://media.auchan.fr/MEDIASTEP77211069_230x230/B2CD/,Kasteel rouge bière 8° -50cl,KASTEEL,
392,https://media.auchan.fr/MEDIASTEP61854960_230x230/B2CD/,"Bière red artisanale arôme cassis et citron 5,5% bouteille",KEKETTE,
393,https://media.auchan.fr/MEDIASTEP69528888_230x230/B2CD/,Bière rouge belge cherry 8% bouteille,LA CHOUFFE,
394,https://media.auchan.fr/MEDIASTEP57431898_230x230/B2CD/,Bière blonde d'abbaye 6% bouteille,MAREDSOUS,
395,https://media.auchan.fr/MEDIASTEP73556932_230x230/B2CD/,"Rince cochon Bière au whisky 8,5% 75cl",RINCE COCHON,
396,https://media.auchan.fr/MEDIASTEP81422633_230x230/B2CD/,,,
397,https://media.auchan.fr/MEDIASTEP79702002_230x230/B2CD/,"Bières des Flandres coffret dégustation 8,25% bouteilles",3 MONTS,
398,https://media.auchan.fr/MEDIASTEP105961006_230x230/B2CD/,Bière blonde 1883 4.6% bouteille,CARLSBERG,
399,https://media.auchan.fr/MEDIASTEP62909215_230x230/B2CD/,"Bière blonde à la fleur de houblon Ipa 6,5%",CASTELAIN,
400,https://media.auchan.fr/MEDIASTEP57431883_230x230/B2CD/,"Bière blonde de garde triple 8,3%",CH'TI,
401,https://media.auchan.fr/MEDIASTEP84025323_230x230/B2CD/,Bière blonde 7% bouteille,CINEY,
402,https://media.auchan.fr/MEDIASTEP84801105_230x230/B2CD/,"Bière blonde bio haute fermentation 3 malts 6,8% bouteille",GRAIN D'ORGE,
403,https://media.auchan.fr/MEDIASTEP106866715_230x230/B2CD/,IBB Calendrier de l'Avent du brasseur 18 bières + 6 accessoires 5.765l,IBB,
404,https://media.auchan.fr/MEDIASTEP110967911_230x230/B2CD/,Bière blonde bio non filtrée 6.2%,JENLAIN,
405,https://media.auchan.fr/MEDIASTEP79640989_230x230/B2CD/,Jenlain Bière blonde de garde grand cru 8% bouteille 33cl,JENLAIN,
406,https://media.auchan.fr/MEDIASTEP85417212_230x230/B2CD/,"Bière blonde summer IPA 3,8%",JENLAIN,
407,https://media.auchan.fr/MEDIASTEP110967912_230x230/B2CD/,"Coffret bières artisanales 7,75%",LA CHOULETTE,
408,https://media.auchan.fr/MEDIASTEP73300371_230x230/B2CD/,Mort Subite bière gueuze,MORT SUBITE,
409,https://media.auchan.fr/MEDIASTEP74975185_230x230/B2CD/,,,
410,https://media.auchan.fr/MEDIASTEP77533690_230x230/B2CD/,"Bière Punk IPA 5,6% bouteille",BREWDOG,
411,https://media.auchan.fr/MEDIASTEP68310172_230x230/B2CD/,"Bière blonde defender IPA 5,5% bouteille",BROOKLYN,
412,https://media.auchan.fr/MEDIASTEP68006438_230x230/B2CD/,"Bière blonde east IPA 6,9% bouteille",BROOKLYN,
413,https://media.auchan.fr/MEDIASTEP79641033_230x230/B2CD/,"Bière de garde blonde session IPA 5,7%",JENLAIN,
414,https://media.auchan.fr/MEDIASTEP88388860_230x230/B2CD/,Bière ambrée IPA 7%,JENLAIN,
415,https://media.auchan.fr/MEDIASTEP79641032_230x230/B2CD/,"Bière blonde summer IPA 3,8%",JENLAIN,
416,https://media.auchan.fr/MEDIASTEP76348694_230x230/B2CD/,Bière blonde IPA 6%,RINCE COCHON,
417,https://media.auchan.fr/MEDIASTEP77419433_230x230/B2CD/,,,
418,https://media.auchan.fr/MEDIASTEP77756406_230x230/B2CD/,"Bière blonde du Nord IPA 5,9% fût pression",PELFORTH,
419,https://media.auchan.fr/MEDIASTEP129052747_230x230/B2CD/,Bière blonde 8% boîte,LA CHOUFFE,
420,https://media.auchan.fr/93bdef80-5cde-4e88-be9d-d3f46970f65f_230x230/B2CD/,"Ethylotest 0,5g/l de sang à la norme NF 1 pièce",LE BALLON,
